Gate_voltage,Temperature,riseTime,millerTime,Vge_plateau,max_dVge,max_dIdt,fallTime,Vce_overshoot,E_on,E_off,Vge_max,HealthState
10,100,2.4e-07,1.5e-07,9.98404565544298,389404315.14838,71199850.8242514,5.60000000000001e-07,0.0127388181136325,0.0476089245983196,0.0011666493149019,10.3760853731893,Warning
10,100,2.1e-07,2.1e-07,9.9807538883638,385664883.351593,59203944.7952654,8.10000000000001e-07,0.0115237256849809,0.0475270157934494,0.0018395104655476,10.2828908548093,Warning
10,100,2e-07,3e-07,9.95481956275172,382455896.959011,59037841.8607729,1.5e-06,0.0084110314203371,0.0473628388458258,0.0036321480348678,10.1894954628859,Fault
10,110,2.5e-07,1.5e-07,9.98412114105398,389404339.335784,72535733.1843896,5.60000000000001e-07,0.0129108257041821,0.0485413032144491,0.0012025950063117,10.3909710894806,Warning
10,110,2.2e-07,2.1e-07,9.98074372592046,385664883.375617,59232312.5864281,8.10000000000001e-07,0.0116720207598178,0.0484868268806979,0.0018962326621177,10.2999579695731,Warning
10,110,2e-07,2.9e-07,9.95480391472435,382455899.351881,59060464.4808129,1.5e-06,0.0085047691617319,0.048378028360121,0.0037443549134229,10.1942379439674,Fault
10,120,2.5e-07,1.5e-07,9.98401103051319,389404371.642495,73935611.1666868,5.60000000000001e-07,0.0130976977379191,0.0495063978619684,0.0012413422567391,10.4028247390848,Warning
10,120,2.3e-07,2.1e-07,9.98073330316898,385664991.704681,59238152.5333381,8.10000000000001e-07,0.0118329726140587,0.0494836296930413,0.0019573756673343,10.3155037653932,Warning
10,120,2.1e-07,2.9e-07,9.95479642097193,382455896.620322,59088137.4112628,1.5e-06,0.0086072960025376,0.0494373282846441,0.0038649217942239,10.2005956443805,Fault
10,130,2.6e-07,1.5e-07,9.98396241650892,389404358.452751,75375772.2190413,5.60000000000001e-07,0.0132953842325492,0.0504853173149983,0.0012824249391134,10.4122537740374,Fault
10,130,2.3e-07,2e-07,9.98078745291585,385664883.386872,59259439.8140879,8.10000000000001e-07,0.0120038312453516,0.0504946674473485,0.0020221326635982,10.3302270082144,Fault
10,130,2.1e-07,2.8e-07,9.95483284048869,382455901.39139,59113413.7870623,1.5e-06,0.0087181952095534,0.0505182877155299,0.0039937959879445,10.2089455032266,Fault
10,140,2.6e-07,1.5e-07,9.9840210447794,389404377.166628,76886241.1513446,5.60000000000001e-07,0.01351006474016,0.0514931766474728,0.001326871268443,10.4187298785887,Fault
10,140,2.4e-07,2e-07,9.98070743830163,385664991.828954,59274956.1404157,8.10000000000001e-07,0.0121915823486347,0.0515361178142771,0.0020922869723967,10.3399775750296,Fault
10,140,2.2e-07,2.7e-07,9.95483886037042,382455896.538978,59137304.1964498,1.5e-06,0.0088397895899561,0.0516395553826611,0.004131717616377,10.2199251680765,Fault
10,150,2.7e-07,1.4e-07,9.98408313082454,389404339.591306,78441204.0702617,5.60000000000001e-07,0.0137384527908466,0.0525108057391361,0.0013742160724254,10.431492525853,Fault
10,150,2.4e-07,2e-07,9.98072428688501,385664992.264724,59280446.8171367,8.10000000000001e-07,0.0123923438351312,0.0525873783181708,0.0021670290427799,10.3562416292114,Fault
10,150,2.3e-07,2.6e-07,9.95482054928786,382455915.745839,59147437.8787879,1.5e-06,0.0089669364235192,0.0527790401468757,0.0042809521172649,10.2414133713614,Fault
10,20,1.7e-07,1.7e-07,9.98408091222507,389404364.648793,62041165.112994,5.60000000000001e-07,0.0116966218602101,0.0410140991517021,0.0009432492388996,10.2774173466674,Healthy
10,20,1.7e-07,2.5e-07,9.98077198425047,385664992.004839,59083562.9915812,8.10000000000001e-07,0.010628810837261,0.0407828816107224,0.0014872991553876,10.1862927994377,Warning
10,20,1.8e-07,3.3e-07,9.95483189162524,382455900.917119,53284924.2194984,1.5e-06,0.0078550497213427,0.0403452506054263,0.0029351849307286,10.1791878216001,Fault
10,30,1.8e-07,1.7e-07,9.98406348432449,389404420.603557,63059754.803965,5.60000000000001e-07,0.0118004519826513,0.0417580301346913,0.0009663089224473,10.292345131131,Healthy
10,30,1.7e-07,2.4e-07,9.98074079056144,385664883.36158,59091197.0295304,8.10000000000001e-07,0.0107184414632684,0.0415400608476991,0.0015234497872289,10.1900638328956,Warning
10,30,1.8e-07,3.3e-07,9.95483103358889,382455895.916813,54041520.0126102,1.5e-06,0.0079106028505293,0.04111934177927,0.0030070236147807,10.1794129679192,Fault
10,40,1.8e-07,1.7e-07,9.98398243769469,389404325.975575,64096266.7167321,5.60000000000001e-07,0.0119104443416518,0.0425136493136006,0.0009902261293692,10.3048654593081,Healthy
10,40,1.7e-07,2.4e-07,9.98074452339953,385664992.07907,59119633.0968661,8.10000000000001e-07,0.0108121991293615,0.0423098122759026,0.0015611491969273,10.1947768820973,Warning
10,40,1.8e-07,3.4e-07,9.95483101784352,382455907.028501,54812584.9375478,1.5e-06,0.0079684377647026,0.0419108171928087,0.00308158962971,10.1796419845578,Fault
10,50,1.9e-07,1.7e-07,9.98403511482196,389404372.801415,65185613.3140218,5.60000000000001e-07,0.0120287301421058,0.0433054833297563,0.0010157884786256,10.3210966133231,Healthy
10,50,1.8e-07,2.3e-07,9.98073692360305,385664991.564808,59125621.8913136,8.10000000000001e-07,0.0109141900040868,0.0431176374962059,0.0016014834305336,10.200989995545,Warning
10,50,1.8e-07,3.4e-07,9.95483231437345,382455897.738443,55621339.1632623,1.5e-06,0.0080306469742481,0.0427464726560845,0.0031614500858732,10.1798658440094,Fault
10,60,1.9e-07,1.6e-07,9.98408114874475,389404393.750975,66297325.750635,5.60000000000001e-07,0.0121522528716582,0.0441105089630077,0.001042420665447,10.3250264612087,Healthy
10,60,1.8e-07,2.3e-07,9.98076650436578,385664883.351372,59154607.3490848,8.10000000000001e-07,0.0110192033883436,0.0439400280389821,0.0016435169059443,10.2148460103168,Warning
10,60,1.9e-07,3.4e-07,9.95483095056143,382455914.304914,56450752.9054942,1.5e-06,0.0080965097521357,0.0436031701590875,0.0032444785784858,10.180092426101,Fault
10,70,2e-07,1.6e-07,9.98411838190224,389404346.101089,67450133.4942617,5.60000000000001e-07,0.0122852195202654,0.0449408743381657,0.0010705942421138,10.3384612112479,Healthy
10,70,1.9e-07,2.2e-07,9.98073618871794,385664883.359507,59160869.1733205,8.10000000000001e-07,0.0111331569229947,0.0447899174317681,0.0016879568737097,10.2328294435047,Warning
10,70,1.9e-07,3.4e-07,9.95483592126651,382455894.891216,58948319.8161808,1.5e-06,0.0081662383030902,0.0444904373412236,0.003332398096778,10.1810539549183,Fault
10,80,2e-07,1.6e-07,9.98396934252502,389404361.314973,68660027.1133817,5.60000000000001e-07,0.0124276082158872,0.0458087381677009,0.0011008400030258,10.3494684668805,Warning
10,80,2e-07,2.2e-07,9.98077985242619,385664992.210571,59186848.4463536,8.10000000000001e-07,0.0112552473525511,0.0456782511705465,0.0017357068490975,10.2480617607548,Warning
10,80,1.9e-07,3.2e-07,9.95484108699061,382455897.986484,58988066.1253857,1.5e-06,0.008241841556412,0.0454195881262989,0.0034267887051774,10.182991581715,Fault
10,90,2.4e-07,1.6e-07,9.98401494679412,389404344.798704,69899210.8793972,5.60000000000001e-07,0.0125765521268022,0.0466905196687306,0.0011325735932949,10.366346010517,Warning
10,90,2e-07,2.2e-07,9.98071005047942,385664883.382606,59196439.6791675,8.10000000000001e-07,0.0113830643400092,0.0465835126067544,0.0017857072837217,10.2611825108384,Warning
10,90,1.9e-07,3.1e-07,9.9548174481204,382455898.058939,59012935.0856076,1.5e-06,0.008322437026095,0.0463691703524617,0.0035257279441191,10.1857412056745,Fault
12,100,6e-07,9e-08,11.9768609357386,467281666.307402,125232419.60572,5.7e-07,0.0185274181964701,0.0611948038068373,0.0026193984747548,12.7627410323896,Warning
12,100,5.9e-07,1.2e-07,11.9727051317785,462794466.136519,98183214.1833004,8.10000000000001e-07,0.0167088105280868,0.0617632176750521,0.0038540128722752,12.7442213589681,Warning
12,100,5.2e-07,1.5e-07,11.9413374727011,458944526.518311,76523294.0134229,1.5e-06,0.0118499283116762,0.064128355089551,0.0076356731464275,12.6772754649597,Fault
12,110,6.1e-07,9e-08,11.9768914063248,467281644.493205,127085734.351045,5.7e-07,0.0188414642298653,0.0609195232065439,0.0026994920891638,12.7606291293279,Warning
12,110,6.1e-07,1.2e-07,11.9727237181657,462794466.667608,99931227.6411354,8.10000000000001e-07,0.0170047414469536,0.0614082519397897,0.0039726656937862,12.74269103782,Warning
12,110,5.4e-07,1.5e-07,11.9413705208391,458944521.284577,77230580.1905034,1.5e-06,0.0120607969502089,0.0638102054434262,0.0078843579198644,12.6842885595434,Fault
12,130,6.3e-07,9e-08,11.9770042364971,467281656.073359,130960655.040709,5.7e-07,0.0195197315601376,0.0599454202432519,0.0028775270664852,12.7543248540555,Fault
12,130,6.3e-07,1.1e-07,11.9728507332559,462794836.600985,103637609.261375,8.10000000000001e-07,0.0176495431470016,0.0602146498696465,0.0042373243994145,12.7436300911172,Fault
12,130,5.7e-07,1.4e-07,11.9414673550759,458944538.285271,78634136.3804793,1.5e-06,0.0125195781614025,0.0626327496889816,0.0084521741783604,12.6949993572514,Fault
12,140,6.4e-07,9e-08,11.9770884559978,467281626.086408,132978241.210264,5.8e-07,0.0198898060683064,0.0591895751624725,0.0029765204958726,12.7555360941762,Fault
12,140,6.5e-07,1.1e-07,11.97291798268,462794836.526475,105605596.021942,8.10000000000001e-07,0.0180005897599926,0.0593156104930244,0.0043858777335991,12.7452768005438,Fault
12,140,5.9e-07,1.4e-07,11.9415252165438,458944501.786802,79330715.1020823,1.5e-06,0.0127665023318855,0.0616994234059921,0.0087808254224551,12.6982823128805,Fault
12,150,6.5e-07,9e-08,11.977131032029,467281693.839393,135022453.987849,5.7e-07,0.0202810411387304,0.0584225060845776,0.0028835114447217,12.7481806883376,Fault
12,150,6.6e-07,1.1e-07,11.9727378237299,462794836.472787,107629652.292066,8.10000000000001e-07,0.0183687376300554,0.0581784741271243,0.0045455011066574,12.7439567652055,Fault
12,150,6.1e-07,1.4e-07,11.9414302207446,458944528.678241,80022479.6509211,1.5e-06,0.013027957096881,0.0604910157959835,0.009143388824083,12.7042739143459,Fault
12,20,5.1e-07,1e-07,11.9770279885943,467281655.798179,111956295.17575,5.7e-07,0.0164734188429634,0.0604816469425264,0.0021206690820557,12.7570295791867,Healthy
12,20,4.8e-07,1.3e-07,11.9727601571893,462794836.81284,86121804.2321007,8.10000000000001e-07,0.0147878218425603,0.0612780876257407,0.0031185088224885,12.7090239654266,Warning
12,20,4.1e-07,1.5e-07,11.9457337584541,458944521.20224,70907322.0526955,1.5e-06,0.0105001636484872,0.0630216503132494,0.0061406730988308,12.6167722619702,Fault
12,30,5.2e-07,1e-07,11.9770975894875,467281649.571957,113480831.776162,5.7e-07,0.0166940852575976,0.0607589762800661,0.0021722980942008,12.7567483949407,Healthy
12,30,5e-07,1.2e-07,11.9728338867781,462794466.142277,87470009.4018696,8.10000000000001e-07,0.0149985949450411,0.0615533215999325,0.0031943951781209,12.7180029379668,Warning
12,30,4.2e-07,1.5e-07,11.945748072812,458944524.319758,71595748.9394506,1.5e-06,0.0106410698046489,0.0633905471811165,0.0062923657203506,12.628257102326,Fault
12,40,5.3e-07,9e-08,11.9771596856787,467281680.028508,115018160.437617,5.7e-07,0.0169207550224542,0.0609935465236177,0.0022256604375202,12.763114455487,Healthy
12,40,5.1e-07,1.2e-07,11.9728448266021,462794835.638608,88840063.598088,8.10000000000001e-07,0.0152024361475469,0.0617836037682178,0.0032730279651806,12.717516631054,Warning
12,40,4.3e-07,1.5e-07,11.9457727782775,458944540.880132,72280727.1781427,1.5e-06,0.0107878141727724,0.0637091350411503,0.0064501335132862,12.6298966533167,Fault
12,50,5.5e-07,9e-08,11.9772373502717,467281650.494191,116621702.384479,5.7e-07,0.0171607513397589,0.0611886715721289,0.0022828710183902,12.7668937951991,Healthy
12,50,5.2e-07,1.2e-07,11.9728748512549,462794465.752417,90278301.6765616,8.10000000000001e-07,0.0154262320205021,0.0619646221398466,0.0033572937400088,12.7225340127898,Warning
12,50,4.5e-07,1.6e-07,11.9414369879345,458944541.713296,72979359.8608904,1.5e-06,0.0109440012869868,0.0639796971664185,0.0066194792157657,12.6452043381695,Fault
12,60,5.5e-07,9e-08,11.9773039549008,467281628.839913,118245060.316108,5.7e-07,0.0174082940894209,0.0613296297880524,0.0023422926337532,12.7617552895888,Healthy
12,60,5.3e-07,1.2e-07,11.9727055712745,462794465.930955,91743976.0477307,8.10000000000001e-07,0.0156572598010598,0.0620851243587286,0.0034449138467158,12.7259545910149,Warning
12,60,4.6e-07,1.5e-07,11.9414650248241,458944520.695255,73676862.1887808,1.5e-06,0.0111055005465914,0.0641845420423382,0.0067964277951473,12.6506617167363,Fault
12,70,5.6e-07,9e-08,11.9770624684327,467281671.267302,119913447.052137,5.7e-07,0.0176668912380933,0.0614136383358482,0.0024051997028557,12.7621069536009,Healthy
12,70,5.5e-07,1.2e-07,11.9726308478494,462794466.778069,93261326.7094183,8.10000000000001e-07,0.0158983990425554,0.0621401686478796,0.0035378004680944,12.7345367014105,Warning
12,70,4.8e-07,1.5e-07,11.9415324813106,458944535.40817,74386113.9835035,1.5e-06,0.0112724611539647,0.0643163512455572,0.0069848965283803,12.6614359507122,Fault
12,80,5.8e-07,9e-08,11.9769316387809,467281681.844389,121646569.250981,5.7e-07,0.0179416372515107,0.0614272789293956,0.0024726901613155,12.7668343000333,Warning
12,80,5.6e-07,1.2e-07,11.9726192979092,462794466.678498,94852878.7083372,8.10000000000001e-07,0.0161569635507135,0.0621129501039872,0.0036372177507366,12.733061052768,Warning
12,80,4.9e-07,1.5e-07,11.941456707539,458944522.746413,75096962.2360804,1.5e-06,0.0114593306722099,0.064362639764211,0.0071879016057119,12.6665668487774,Fault
12,90,5.9e-07,9e-08,11.9768787755497,467281650.791954,123405659.627666,5.7e-07,0.0182287383903486,0.061359733396829,0.0025434172575692,12.7627797085242,Warning
12,90,5.8e-07,1.2e-07,11.9726486864638,462794835.84483,96478503.6852424,8.10000000000001e-07,0.0164244817058261,0.0619932895382895,0.0037415773650721,12.7368067428037,Warning
12,90,5.1e-07,1.5e-07,11.9413474048791,458944521.467786,75802509.5530656,1.5e-06,0.0116510665087048,0.0643070089436525,0.0074024759290488,12.6747263629674,Fault
15,100,8.9e-07,6e-08,11.010843855816,584095919.319797,217578236.870265,6.5e-07,0.0264254792138559,0.0084750551775104,0.0079113295393655,15.9005724223782,Warning
15,100,9.8e-07,7e-08,10.9439954757303,578490817.598382,173147894.376425,9.3e-07,0.0233675800091078,0.0093123359055081,0.0119428818910543,15.9132167502907,Warning
15,100,1.04e-06,8e-08,10.8875043611066,573678793.147287,133283829.96806,1.69e-06,0.0156764630534667,0.0106011108007751,0.023524829625966,15.9421319105763,Fault
15,110,8.7e-07,6e-08,11.0108436376915,584095897.490772,220264825.645156,6.5e-07,0.0264120430107937,0.0087250073316971,0.0076535364449054,15.8501984754968,Warning
15,110,9.5e-07,7e-08,10.9439954820846,578490817.459941,175706657.501142,9.20000000000001e-07,0.023345930327423,0.0095475597877812,0.011741687198901,15.8647076238412,Warning
15,110,1.01e-06,8e-08,10.8875043622054,573678793.061749,135557374.835536,1.69e-06,0.0156225091308215,0.010755690657354,0.0234753448203131,15.8923519228436,Fault
15,120,8.4e-07,6e-08,11.0108441544036,584095949.157433,223042551.224302,6.50000000000001e-07,0.0264039425382521,0.0084407566884614,0.007914402913892,15.8016884844203,Warning
15,120,9.3e-07,7e-08,10.9439954789419,578490817.515293,178374285.516948,9.20000000000001e-07,0.0233286666001504,0.0097279902686178,0.0115552293576273,15.8176790083013,Warning
15,120,9.9e-07,8e-08,10.8875043684021,573678792.781276,137934953.6263,1.7e-06,0.0155659974605555,0.0102575443047193,0.0240728020014377,15.8439499035804,Fault
15,130,8.2e-07,6e-08,11.010843274703,584095861.851867,225804397.70133,6.50000000000001e-07,0.0263943077941349,0.0086915799950408,0.0076516012457268,15.7559023881157,Fault
15,130,9.1e-07,7e-08,10.943995476668,578490817.52257,181082675.438338,9.3e-07,0.0233017641490392,0.0094084889633033,0.011913843441388,15.7729982677404,Fault
15,130,9.7e-07,8e-08,10.8875043361103,573678794.317761,140375186.488944,1.7e-06,0.0155041593584997,0.0103889941708243,0.0240266839476287,15.7978424779896,Fault
15,140,8e-07,5e-08,,584095977.539676,228669930.094261,6.50000000000001e-07,0.0263818771321098,0.0084123809936719,0.0079117575843796,15.7118259082861,Fault
15,140,8.9e-07,7e-08,10.9439954830582,578490817.393759,183895414.463575,9.20000000000001e-07,0.0232757995814836,0.0095903055827017,0.0117268184029579,15.7297055601698,Fault
15,140,9.5e-07,8e-08,10.8875044029132,573678791.145563,142928521.604792,1.69e-06,0.0154492026657636,0.0105228475218734,0.0239994962546438,15.7530534390719,Fault
15,150,7.8e-07,5e-08,,584096117.637147,231534190.907533,6.50000000000001e-07,0.0263705375520544,0.0086621915235292,0.0076489276186708,15.6701492777911,Fault
15,150,8.7e-07,7e-08,10.9439954915048,578490817.220937,186765419.665641,9.3e-07,0.0232515742733881,0.0092508926621768,0.0120957452751375,15.6885117253809,Fault
15,150,9.3e-07,8e-08,10.8875045304207,573678785.818725,145555324.386946,1.69e-06,0.0153896743902351,0.0106626616912708,0.0239610773011656,15.710331654123,Fault
15,20,9.2e-07,6e-08,11.0108415732467,584095697.367779,197789380.769043,5.9e-07,0.0252402102868814,0.0263443033896726,0.0048633094835344,16.0338120024664,Healthy
15,20,1.01e-06,7e-08,10.9439954802532,578490817.630416,154941642.827512,8.60000000000001e-07,0.0227981158982402,0.023020111685977,0.0080063773328036,16.0657562308632,Warning
15,20,1.03e-06,9e-08,10.8875043300783,573678794.758535,117519041.222333,1.6e-06,0.0157571648513226,0.0241647032745713,0.0168382884197178,16.0677830785871,Fault
15,30,9.2e-07,6e-08,11.0108445195685,584095986.157509,200104989.290964,6e-07,0.0255276860421532,0.0228707305282344,0.005156988526811,16.0207584033787,Healthy
15,30,1.01e-06,7e-08,10.9439954892125,578490817.44409,157019549.267353,8.70000000000001e-07,0.022996159426782,0.0197981684328194,0.0085591123587086,16.0575454683155,Warning
15,30,1.04e-06,9e-08,10.8875043655776,573678793.036517,119288095.822541,1.61e-06,0.0158340589264867,0.0210937438928806,0.0178550682897063,16.0649764150913,Fault
15,40,9.2e-07,6e-08,11.0108421781229,584095755.020586,202432770.7655,6.1e-07,0.02578286360324,0.0195526973448626,0.005507826931435,16.0119403275728,Healthy
15,40,1.01e-06,7e-08,10.9439954799025,578490817.611248,159122245.854746,8.80000000000001e-07,0.0231619407616677,0.0167943637811984,0.0092160558530605,16.0480981357042,Warning
15,40,1.04e-06,8e-08,10.8875044874243,573678787.656558,121083757.046329,1.63e-06,0.0158802828061084,0.0181788225534981,0.0190129543478131,16.0554848956579,Fault
15,50,9.2e-07,6e-08,11.010845485986,584096084.998857,204850721.653392,6.2e-07,0.0260161730615209,0.0162815759859275,0.0059526194886617,16.0003737259129,Healthy
15,50,1.02e-06,7e-08,10.9439954811243,578490817.560084,161316110.197195,8.9e-07,0.0232908586921781,0.014429442806809,0.0095726624625065,16.0410090840802,Warning
15,50,1.05e-06,8e-08,10.8875046180732,573678782.719178,122967306.08317,1.64e-06,0.0159013401575976,0.0158893594615523,0.0198473477048038,16.0488525345575,Fault
15,60,9.2e-07,6e-08,11.0108435804446,584095891.759014,207276142.815149,6.20000000000001e-07,0.0261996093016137,0.0137534819054151,0.0060973002297103,15.9874498350432,Healthy
15,60,1.02e-06,8e-08,10.9439927698103,578491119.917955,163539983.047784,9.10000000000001e-07,0.0233765383418358,0.0119689482770285,0.0105262838710713,16.0323509444818,Warning
15,60,1.06e-06,8e-08,10.8875044847742,573678787.727143,124884612.598069,1.66e-06,0.0158896261422683,0.0138995910327298,0.0208061042196706,16.044628821097,Fault
15,70,9.2e-07,6e-08,11.0108436755824,584095901.056903,209758049.117758,6.30000000000001e-07,0.0263390666633541,0.0112043349053601,0.0067885163743943,15.9773359319201,Healthy
15,70,1.03e-06,7e-08,10.9439954827468,578490817.50528,165827205.501548,9.20000000000001e-07,0.0234137197879249,0.0104249004703407,0.0111414646454856,16.0213636519862,Warning
15,70,1.07e-06,8e-08,10.8875042801561,573678797.26048,126866350.437147,1.68e-06,0.0158496029548587,0.0116575982534937,0.0224660338406858,16.0334915539578,Fault
15,80,9.2e-07,6e-08,11.01084479222,584096013.701081,212323503.107089,6.4e-07,0.0264155665268504,0.0095940474356973,0.0072099632533119,15.9642026776921,Warning
15,80,1.03e-06,7e-08,10.9439954808522,578490817.533117,168208684.410543,9.3e-07,0.0234113068682973,0.0094735703525923,0.0117585261351411,16.0073627731097,Warning
15,80,1.08e-06,8e-08,10.8875045556428,573678784.93843,128943465.558037,1.69e-06,0.0157863932439,0.0110300309231302,0.0229208652488847,16.0288206925153,Fault
15,90,9.2e-07,6e-08,11.0108445901626,584095993.215632,214912226.380014,6.5e-07,0.0264348042604752,0.008771218680798,0.0076400716656601,15.9493212077652,Warning
15,90,1e-06,7e-08,10.9439954756083,578490817.61862,170630043.621092,9.20000000000001e-07,0.0233894416365388,0.0096787097409585,0.0115708646476441,15.9643476708522,Warning
15,90,1.07e-06,8e-08,10.8875045347872,573678785.718698,131063206.268609,1.7e-06,0.0157315822562509,0.010463768504351,0.0235576143743414,15.9944571638657,Fault
20,100,7.5e-07,3e-08,18.2271424863619,778699348.179719,394482215.888368,6.7e-07,0.0259682448678973,0.0077935096599885,0.0093933107823682,20.3695741853642,Warning
20,100,8.5e-07,4e-08,17.86809097068,771314819.836053,308476424.80491,9.40000000000001e-07,0.0225596648697319,0.008973836236449,0.0138749770623091,20.37758077523,Warning
20,100,9.2e-07,5e-08,17.5920876614124,764901670.772826,238896057.470595,1.71e-06,0.0140252751806997,0.0101595536802968,0.0275407303170822,20.373192044108,Fault
20,110,7.5e-07,3e-08,18.1882969003551,778695829.536021,398956967.279834,6.6e-07,0.0259557410369098,0.0078876730362343,0.0092869642995666,20.355916118377,Warning
20,110,8.4e-07,4e-08,17.8292280365675,771314725.221118,312413387.543346,9.4e-07,0.0225453748414566,0.0090189805335196,0.0138439713165172,20.3631228964433,Warning
20,110,9.2e-07,5e-08,17.5534620979468,764901650.978009,242274333.782176,1.71e-06,0.013978539238849,0.01012116308721,0.0276353368792389,20.3578795322776,Fault
20,120,7.4e-07,3e-08,18.1454078678997,778693325.491001,403539804.309369,6.6e-07,0.025951399410701,0.0079661177394455,0.0091970416810122,20.3422898355481,Warning
20,120,8.4e-07,4e-08,17.7903261650221,771314962.62583,316493912.18784,9.4e-07,0.0225141141064569,0.0090440949604785,0.0138306829880032,20.3486758885004,Warning
20,120,9.1e-07,5e-08,17.5148030909047,764901650.524218,245782600.279398,1.71e-06,0.0139336481907435,0.0100617572478257,0.0277527815392039,20.342571301044,Fault
20,130,7.4e-07,3e-08,18.0713033708111,778690310.059859,408186513.755222,6.6e-07,0.0259290830161945,0.0080456948277112,0.0091123296215348,20.3289736913782,Fault
20,130,8.3e-07,4e-08,17.721010780926,771314514.093169,320619194.775854,9.4e-07,0.0224973418178251,0.0090647204329193,0.0138231955047901,20.3345373698802,Fault
20,130,9.1e-07,5e-08,17.4762619883701,764901672.219764,249352956.418432,1.71e-06,0.0138869417925207,0.0099941409603802,0.0278754558772223,20.3275850957473,Fault
20,140,7.4e-07,4e-08,18.0643449366507,778686518.251912,412914596.900223,6.7e-07,0.0259159085878764,0.0074832263095769,0.0096625274640371,20.3157006789984,Fault
20,140,8.3e-07,3e-08,17.6822109785968,771314736.455604,324890015.782515,9.4e-07,0.0224798845087548,0.009064238888557,0.0138327888315286,20.3204226016499,Fault
20,140,9.1e-07,5e-08,17.3829705683525,764901664.620655,253065150.257387,1.71e-06,0.0138389886074037,0.0099003051152636,0.0280296258608032,20.3126158751374,Fault
20,150,7.3e-07,3e-08,18.054323650664,778682898.54857,417703626.789221,6.7e-07,0.0258993349521575,0.0075387193628453,0.009594047968532,20.3027137076808,Fault
20,150,8.3e-07,3e-08,17.6435090148601,771314609.870247,329226783.174025,9.4e-07,0.0224491135996914,0.0090540201799451,0.0138505370855093,20.3065934410521,Fault
20,150,9.1e-07,5e-08,17.3447140318499,764901634.337641,256840328.865375,1.71e-06,0.0137897071364819,0.009797638396607,0.0281894958114453,20.2979424617444,Fault
20,20,7.8e-07,2e-08,18.5109867666425,778716780.149079,361498791.550223,6.6e-07,0.0260568948383479,0.0086392512097207,0.0086408101985636,20.4863047256609,Healthy
20,20,8.8e-07,4e-08,18.2170925376035,771315401.044117,280007324.652452,9.4e-07,0.0227284809640196,0.0090400646061645,0.0137670904508515,20.5002729780582,Warning
20,20,9.5e-07,5e-08,17.937866289365,764901656.436586,214815934.982915,1.71e-06,0.0143496034033888,0.010117717280309,0.0271809614696034,20.5028786278923,Fault
20,30,7.8e-07,2e-08,18.4761406821364,778714825.897908,365385400.344847,6.6e-07,0.0260464476461379,0.0081848535726844,0.0090840356170251,20.470874825459,Healthy
20,30,8.7e-07,4e-08,18.177858455251,771315338.600253,283296592.137076,9.4e-07,0.0227072559431463,0.009131294956107,0.0136772499447269,20.4841457072568,Warning
20,30,9.5e-07,5e-08,17.925480836811,764901633.08011,217577322.4971,1.71e-06,0.0143099295527236,0.0101512704344511,0.0271971103613463,20.4858577634251,Fault
20,40,7.7e-07,2e-08,18.4374141494957,778712633.907354,369273150.196121,6.6e-07,0.0260376430390465,0.0083261292890791,0.0089341100746107,20.4559126020443,Healthy
20,40,8.7e-07,4e-08,18.1023126265019,771315622.00145,286617908.726348,9.4e-07,0.0226889489471205,0.0092408609395721,0.0135846026416762,20.4684805131496,Warning
20,40,9.4e-07,5e-08,17.8553905860365,764901668.083211,220364489.845072,1.71e-06,0.0142736165194606,0.0101894843600349,0.0272089626779333,20.4693179095776,Fault
20,50,7.7e-07,9.99999999999996e-09,18.3935791067198,778711154.108346,373306156.719584,6.60000000000001e-07,0.0260259429013558,0.0084440964684266,0.0087994903082966,20.4409228549384,Healthy
20,50,8.7e-07,4e-08,18.0588685790053,771315215.419357,290077544.905656,9.4e-07,0.0226708978791521,0.0093320154013918,0.0135090015502869,20.4527568179929,Warning
20,50,9.4e-07,5e-08,17.8162368641958,764901638.340654,223271667.735846,1.71e-06,0.0142322445465197,0.0102054314887231,0.0272422298156944,20.4527055408652,Fault
20,60,7.7e-07,3e-08,18.3876244320984,778708840.839291,377355434.380803,6.60000000000001e-07,0.0260154377483559,0.0079713291338963,0.0092599517867146,20.4263536623847,Healthy
20,60,8.6e-07,4e-08,18.019970370492,771315486.064209,293565115.069931,9.3e-07,0.0226522575078434,0.0094038333732784,0.0134324510035567,20.4374551440184,Warning
20,60,9.4e-07,5e-08,17.7772757011942,764901658.678009,226207524.938278,1.71e-06,0.0141916594888016,0.010222281860778,0.0272767891788625,20.4365327853598,Fault
20,70,7.6e-07,3e-08,18.3489027019689,778706696.850895,381497773.643097,6.60000000000001e-07,0.0260042557458178,0.0080948643455774,0.0091255460595185,20.4119682417582,Healthy
20,70,8.6e-07,4e-08,18.0522998196583,771315072.963601,297130269.954836,9.4e-07,0.0226338992817432,0.0088198671623179,0.0140123465118257,20.4223168309441,Warning
20,70,9.3e-07,5e-08,17.7383742089302,764901661.382637,229229417.211072,1.71e-06,0.014152445751904,0.0102265223294181,0.0273172681946367,20.420536464762,Fault
20,80,7.6e-07,3e-08,18.3099250604005,778703855.433359,385756006.69389,6.6e-07,0.0259991497177339,0.0082055097223944,0.0090067798582767,20.3975843292858,Warning
20,80,8.5e-07,4e-08,18.0133636942302,771315332.673961,300856344.857441,9.40000000000001e-07,0.0226093132556002,0.0088704460693004,0.0139609522950035,20.4071645989143,Warning
20,80,9.3e-07,5e-08,17.6994049125092,764901662.655809,232378121.158596,1.71e-06,0.0141109972294657,0.0102112329101693,0.027383987939892,20.4045049364494,Fault
20,90,7.5e-07,3e-08,18.2286003951125,778702129.461424,390061074.903969,6.6e-07,0.025982376663876,0.0083076596676727,0.008892319038821,20.3835710236248,Warning
20,90,8.5e-07,4e-08,17.907108264502,771315249.790258,304592143.088579,9.40000000000001e-07,0.0225893434061391,0.0089278675750762,0.0139096485248313,20.3923750649428,Warning
20,90,9.3e-07,5e-08,17.6308648413321,764901700.872385,235573506.27915,1.71e-06,0.0140679742672205,0.010195316891235,0.0274485038201449,20.3888539979733,Fault
8,100,7e-08,2.7e-07,7.98937321051073,311523403.844891,34183506.3012585,5.50000000000001e-07,0.0095068108125815,0.0178144411687674,0.0003571774889682,8.12106033310448,Warning
8,100,7e-08,3e-07,7.98696116546405,308531984.937884,30161070.2115047,8.00000000000001e-07,0.0087569630611596,0.0176569990756,0.000565034017689,8.12027688528789,Warning
8,100,8e-08,3.1e-07,7.96637781207112,305964745.520415,25525085.3272694,1.49e-06,0.0067879978573159,0.0173424982388366,0.0011210646371436,8.11090722968573,Fault
8,110,7e-08,2.7e-07,7.98936971857188,311523378.528734,34844193.1557771,5.50000000000001e-07,0.0095490817331551,0.0183189499053989,0.000368236773237,8.1214553180571,Warning
8,110,7e-08,3e-07,7.9869636276659,308531962.202695,30759179.095639,8.00000000000001e-07,0.0087935697033572,0.0181573619678927,0.0005825683015384,8.12079875993609,Warning
8,110,8e-08,3.1e-07,7.96637832555062,305964745.051748,26054538.7325106,1.49e-06,0.0068032634041514,0.017839720924602,0.0011559271589278,8.11141952975002,Fault
8,120,7e-08,2.7e-07,7.98937080255917,311523515.64402,35540580.0968346,5.50000000000001e-07,0.0095966660471162,0.0188602866634104,0.0003801801746077,8.121845403817,Warning
8,120,7e-08,3.1e-07,7.98696190422402,308531962.351632,31389233.4223569,7.90000000000001e-07,0.0088334556976406,0.0186938253091174,0.0006014905166767,8.12133292073703,Warning
8,120,8e-08,3.2e-07,7.96637657545514,305964742.678526,26614387.839313,1.49e-06,0.0068208112892307,0.0183731772652939,0.0011935581430961,8.11194664669054,Fault
8,130,7e-08,2.7e-07,7.98937073326512,311523471.848143,36266604.678706,5.50000000000001e-07,0.0096472366132047,0.0194303067853427,0.0003928320493764,8.12222395563918,Fault
8,130,7e-08,3.1e-07,7.98696154177624,308531985.237871,32049459.852278,7.90000000000001e-07,0.0088772097311675,0.0192585439694225,0.0006214110215796,8.12186611174365,Fault
8,130,8e-08,3.2e-07,7.96637745685808,305964746.488649,27203094.4281423,1.48e-06,0.0068402982460611,0.0189349516970944,0.001233450923054,8.11248087022601,Fault
8,140,7e-08,2.8e-07,7.98937473997379,311523381.341118,37041973.9754801,5.50000000000001e-07,0.0097029688363363,0.0200434039772822,0.000406531953636,8.12260988235295,Fault
8,140,7e-08,3.2e-07,7.98696197730083,308531962.32312,32749892.7183152,7.90000000000001e-07,0.008925513830718,0.0198658286470674,0.0006432813949494,8.12240883289422,Fault
8,140,8e-08,3.3e-07,7.96637792517169,305964743.44788,27825919.229125,1.48e-06,0.0068643088457633,0.0195391636783269,0.0012766219371995,8.11304123393919,Fault
8,150,7e-08,2.8e-07,7.98936940618164,311523378.668267,37846015.5782645,5.50000000000001e-07,0.0097634848422103,0.0206919744041458,0.0004211470877809,8.12299027827554,Fault
8,150,7e-08,3.2e-07,7.9869641208702,308531985.02691,33481999.097761,7.90000000000001e-07,0.0089780283447566,0.0205082021105504,0.000666447646877,8.12295139005486,Fault
8,150,8e-08,3.3e-07,7.96637920131659,305964745.382653,28483640.2730412,1.48e-06,0.0068901285442279,0.0201785508074809,0.0013227592150306,8.11361055945221,Fault
8,20,7e-08,2.5e-07,7.98937161337034,311523424.752733,29821731.7690057,5.50000000000001e-07,0.00926567154562,0.0146150593763416,0.0002885529971625,8.11793182621148,Healthy
8,20,7e-08,2.8e-07,7.98695960520415,308531962.215561,26233248.4198807,8.00000000000001e-07,0.0085615002245731,0.0144830343272309,0.0004562372823983,8.11628637228352,Warning
8,20,8e-08,2.9e-07,7.96637414939695,305964744.802813,22058209.7731469,1.5e-06,0.0067312907483483,0.0141927398714474,0.0009047514883203,8.10723450062179,Fault
8,30,7e-08,2.5e-07,7.98937309365863,311523432.74114,30297259.9548892,5.50000000000001e-07,0.0092874953194268,0.0149503460911004,0.0002956283499444,8.11832421138224,Healthy
8,30,7e-08,2.8e-07,7.98696072614201,308531985.090751,26656097.6993117,8.00000000000001e-07,0.0085787316909318,0.0148157695892293,0.0004674514785668,8.11676269517829,Warning
8,30,8e-08,2.9e-07,7.9663748044514,305964743.372791,22431304.1106017,1.5e-06,0.0067335048465793,0.0145224633551293,0.0009270507612521,8.10764674484279,Fault
8,40,7e-08,2.5e-07,7.98937239556471,311523425.754695,30781832.2285893,5.50000000000001e-07,0.0093117348835107,0.0152963992731613,0.0003029608922303,8.11869578197843,Healthy
8,40,7e-08,2.8e-07,7.98696206909318,308531962.343715,27093055.8393094,8.00000000000001e-07,0.0085973240038015,0.0151592367189757,0.0004790729988739,8.1172461725749,Warning
8,40,8e-08,2.9e-07,7.96637599779559,305964748.125644,22812198.4405809,1.5e-06,0.0067365713706522,0.0148629578027899,0.0009501483314725,8.108084621953,Fault
8,50,7e-08,2.5e-07,7.98937251469018,311523396.354559,31290818.5039569,5.50000000000001e-07,0.0093379836611688,0.0156656695444178,0.0003108150214148,8.11909914204941,Healthy
8,50,7e-08,2.9e-07,7.98696130189871,308531984.814322,27555921.9406399,8.00000000000001e-07,0.008618604204571,0.015525717845123,0.000491530668413,8.11773478958308,Warning
8,50,8e-08,3e-07,7.96637793655023,305964745.378195,23220741.263128,1.49e-06,0.0067411231373171,0.0152264017351836,0.000974910251578,8.10853356308484,Fault
8,60,7e-08,2.6e-07,7.98937192100532,311523395.390596,31816347.2496659,5.50000000000001e-07,0.009366032510627,0.0160484627518917,0.000318986730814,8.11947969151675,Healthy
8,60,7e-08,2.9e-07,7.98696192947821,308531962.223593,28027820.380727,8.00000000000001e-07,0.0086408903965775,0.0159055377511305,0.0005044857173193,8.11821701213164,Warning
8,60,8e-08,3e-07,7.9663758577126,305964744.938098,23638056.0500022,1.49e-06,0.0067472747897454,0.0156031955344225,0.0010006792300585,8.10898101874406,Fault
8,70,7e-08,2.6e-07,7.98936969475233,311523419.579448,32368794.7620109,5.50000000000001e-07,0.0093964206880627,0.0164518188326333,0.0003276422558001,8.11987575563935,Healthy
8,70,7e-08,2.9e-07,7.98696099441888,308531962.042857,28521164.8707435,8.00000000000001e-07,0.0086657074659797,0.0163057324047089,0.0005182087111779,8.11872643206733,Warning
8,70,8e-08,3e-07,7.96637758504295,305964743.566454,24072733.0268782,1.49e-06,0.006754870435941,0.0160003956845637,0.001027965289042,8.10943649721481,Fault
8,80,7e-08,2.6e-07,7.98936847106819,311523438.241232,32950343.2928787,5.50000000000001e-07,0.0094300089812691,0.0168829140713126,0.0003369370497914,8.12027581414036,Warning
8,80,7e-08,3e-07,7.98696156851142,308531962.178917,29048180.041687,8.00000000000001e-07,0.008693646803465,0.016733399809278,0.0005329450950745,8.11924226141028,Warning
8,80,8e-08,3e-07,7.96637637368046,305964743.234756,24538066.1749668,1.49e-06,0.0067641438189411,0.0164250067747136,0.0010572606907718,8.10991119836039,Fault
8,90,7e-08,2.6e-07,7.98937003332152,311523426.793784,33546680.94722,5.50000000000001e-07,0.0094660306552896,0.0173327557310891,0.0003466986108945,8.1206578836841,Warning
8,90,7e-08,3e-07,7.98696191148841,308531962.420041,29588638.8904758,8.00000000000001e-07,0.0087235528842484,0.0171795727847593,0.0005483998446862,8.11975434298735,Warning
8,90,8e-08,3.1e-07,7.96637558074761,305964745.960615,25016076.4299139,1.49e-06,0.0067746332514957,0.0168680620521602,0.0010879866851964,8.11040034282206,Fault
