riseTime,millerTime,Vge_plateau,max_dVge,max_dIdt,fallTime,Vce_overshoot,Vge_max,Eon_mean,Eoff_mean,Esw_mean,Esw_max,dEsw_dIc,tOn_mean,tOff_mean,tOff_max,t_ratio,Vce_50A,Vce_100A,Vce_275A,Vce_550A,Vce_1200A,Vce_2500A,Vce_3400A,Ic_1_5V,Ic_2_5V,Ic_4V,Ic_6V,Ic_8V,Ic_10V,mean_dIdV,max_dIdV,area_IV,mean_Ic_highV,HealthState
2.40E-07,1.50E-07,9.984045655,389404315.1,71199850.82,5.60E-07,0.012738818,10.37608537,0.000393701,0.000655473,0.001049173,0.002288844,8.56E-06,2.94E-07,5.50E-07,7.00E-07,1.870748299,1.299835756,1.535907614,2.310826833,3.891680824,10,10,10,91.96383052,315.3506109,562.7935076,645.3951782,656.3367049,667.0261753,66.068371,229.3759179,4777.964828,661.9691991,Warning
2.10E-07,2.10E-07,9.980753888,385664883.4,59203944.8,8.10E-07,0.011523726,10.28289085,0.000393701,0.000655473,0.001049173,0.002288844,8.56E-06,2.94E-07,5.50E-07,7.00E-07,1.870748299,1.299835756,1.535907614,2.310826833,3.891680824,10,10,10,91.96383052,315.3506109,562.7935076,645.3951782,656.3367049,667.0261753,66.068371,229.3759179,4777.964828,661.9691991,Warning
2.00E-07,3.00E-07,9.954819563,382455897,59037841.86,1.50E-06,0.008411031,10.18949546,0.000393701,0.000655473,0.001049173,0.002288844,8.56E-06,2.94E-07,5.50E-07,7.00E-07,1.870748299,1.299835756,1.535907614,2.310826833,3.891680824,10,10,10,91.96383052,315.3506109,562.7935076,645.3951782,656.3367049,667.0261753,66.068371,229.3759179,4777.964828,661.9691991,Warning
2.50E-07,1.50E-07,9.984121141,389404339.3,72535733.18,5.60E-07,0.012910826,10.39097109,0.000395205,0.000655296,0.001050501,0.002298097,8.73E-06,2.94E-07,5.50E-07,7.00E-07,1.870748299,1.309735429,1.550447681,2.337305913,3.920424096,10,10,10,88.94247912,309.4005376,559.7667243,655.0053167,666.2402852,677.2196524,67.0783408,225.7615896,4813.337871,672.025269,Warning
2.20E-07,2.10E-07,9.980743726,385664883.4,59232312.59,8.10E-07,0.011672021,10.29995797,0.000395205,0.000655296,0.001050501,0.002298097,8.73E-06,2.94E-07,5.50E-07,7.00E-07,1.870748299,1.309735429,1.550447681,2.337305913,3.920424096,10,10,10,88.94247912,309.4005376,559.7667243,655.0053167,666.2402852,677.2196524,67.0783408,225.7615896,4813.337871,672.025269,Warning
2.00E-07,2.90E-07,9.954803915,382455899.4,59060464.48,1.50E-06,0.008504769,10.19423794,0.000395205,0.000655296,0.001050501,0.002298097,8.73E-06,2.94E-07,5.50E-07,7.00E-07,1.870748299,1.309735429,1.550447681,2.337305913,3.920424096,10,10,10,88.94247912,309.4005376,559.7667243,655.0053167,666.2402852,677.2196524,67.0783408,225.7615896,4813.337871,672.025269,Warning
2.50E-07,1.50E-07,9.984011031,389404371.6,73935611.17,5.60E-07,0.013097698,10.40282474,0.000397316,0.000657484,0.0010548,0.002307765,8.82E-06,2.96E-07,5.54E-07,7.10E-07,1.871621622,1.319660695,1.565056627,2.363878251,3.952228386,10,10,10,86.03847862,303.496511,556.0731308,664.1400867,675.6616786,686.9243996,68.03990585,222.1505005,4844.275426,681.5956946,Warning
2.30E-07,2.10E-07,9.980733303,385664991.7,59238152.53,8.10E-07,0.011832973,10.31550377,0.000397316,0.000657484,0.0010548,0.002307765,8.82E-06,2.96E-07,5.54E-07,7.10E-07,1.871621622,1.319660695,1.565056627,2.363878251,3.952228386,10,10,10,86.03847862,303.496511,556.0731308,664.1400867,675.6616786,686.9243996,68.03990585,222.1505005,4844.275426,681.5956946,Warning
2.10E-07,2.90E-07,9.954796421,382455896.6,59088137.41,1.50E-06,0.008607296,10.20059564,0.000397316,0.000657484,0.0010548,0.002307765,8.82E-06,2.96E-07,5.54E-07,7.10E-07,1.871621622,1.319660695,1.565056627,2.363878251,3.952228386,10,10,10,86.03847862,303.496511,556.0731308,664.1400867,675.6616786,686.9243996,68.03990585,222.1505005,4844.275426,681.5956946,Warning
2.60E-07,1.50E-07,9.983962417,389404358.5,75375772.22,5.60E-07,0.013295384,10.41225377,0.00040035,0.000658242,0.001058592,0.002317889,9.03E-06,3.00E-07,5.54E-07,7.10E-07,1.846666667,1.329640151,1.579745655,2.390592174,3.986033379,10,10,10,83.2482155,297.6594855,551.8281804,672.8223092,684.6237529,696.1633212,68.955334,218.8033225,4871.022636,690.7033636,Fault
2.30E-07,2.00E-07,9.980787453,385664883.4,59259439.81,8.10E-07,0.012003831,10.33022701,0.00040035,0.000658242,0.001058592,0.002317889,9.03E-06,3.00E-07,5.54E-07,7.10E-07,1.846666667,1.329640151,1.579745655,2.390592174,3.986033379,10,10,10,83.2482155,297.6594855,551.8281804,672.8223092,684.6237529,696.1633212,68.955334,218.8033225,4871.022636,690.7033636,Fault
2.10E-07,2.80E-07,9.95483284,382455901.4,59113413.79,1.50E-06,0.008718195,10.2089455,0.00040035,0.000658242,0.001058592,0.002317889,9.03E-06,3.00E-07,5.54E-07,7.10E-07,1.846666667,1.329640151,1.579745655,2.390592174,3.986033379,10,10,10,83.2482155,297.6594855,551.8281804,672.8223092,684.6237529,696.1633212,68.955334,218.8033225,4871.022636,690.7033636,Fault
2.60E-07,1.50E-07,9.984021045,389404377.2,76886241.15,5.60E-07,0.013510065,10.41872988,0.000401669,0.000659707,0.001061377,0.002322835,8.86E-06,3.04E-07,5.58E-07,7.20E-07,1.835526316,1.339685658,1.594524924,2.417623708,4.022442516,10,10,10,80.56590703,291.8861108,547.122241,681.0735761,693.1481579,704.9581143,69.82677362,215.4607812,4893.803741,699.3699517,Fault
2.40E-07,2.00E-07,9.980707438,385664991.8,59274956.14,8.10E-07,0.012191582,10.33997758,0.000401669,0.000659707,0.001061377,0.002322835,8.86E-06,3.04E-07,5.58E-07,7.20E-07,1.835526316,1.339685658,1.594524924,2.417623708,4.022442516,10,10,10,80.56590703,291.8861108,547.122241,681.0735761,693.1481579,704.9581143,69.82677362,215.4607812,4893.803741,699.3699517,Fault
2.20E-07,2.70E-07,9.95483886,382455896.5,59137304.2,1.50E-06,0.00883979,10.21992517,0.000401669,0.000659707,0.001061377,0.002322835,8.86E-06,3.04E-07,5.58E-07,7.20E-07,1.835526316,1.339685658,1.594524924,2.417623708,4.022442516,10,10,10,80.56590703,291.8861108,547.122241,681.0735761,693.1481579,704.9581143,69.82677362,215.4607812,4893.803741,699.3699517,Fault
2.70E-07,1.40E-07,9.984083131,389404339.6,78441204.07,5.60E-07,0.013738453,10.43149253,0.000404064,0.000661264,0.001065328,0.00233422,9.00E-06,3.08E-07,5.60E-07,7.30E-07,1.818181818,1.349804382,1.609134584,2.444880909,4.060661737,10,10,10,77.99251507,286.1935928,542.039431,688.8984237,701.255399,713.3293416,70.65626076,212.1211312,4912.835308,707.6159949,Fault
2.40E-07,2.00E-07,9.980724287,385664992.3,59280446.82,8.10E-07,0.012392344,10.35624163,0.000404064,0.000661264,0.001065328,0.00233422,9.00E-06,3.08E-07,5.60E-07,7.30E-07,1.818181818,1.349804382,1.609134584,2.444880909,4.060661737,10,10,10,77.99251507,286.1935928,542.039431,688.8984237,701.255399,713.3293416,70.65626076,212.1211312,4912.835308,707.6159949,Fault
2.30E-07,2.60E-07,9.954820549,382455915.7,59147437.88,1.50E-06,0.008966936,10.24141337,0.000404064,0.000661264,0.001065328,0.00233422,9.00E-06,3.08E-07,5.60E-07,7.30E-07,1.818181818,1.349804382,1.609134584,2.444880909,4.060661737,10,10,10,77.99251507,286.1935928,542.039431,688.8984237,701.255399,713.3293416,70.65626076,212.1211312,4912.835308,707.6159949,Fault
1.70E-07,1.70E-07,9.984080912,389404364.6,62041165.11,5.60E-07,0.011696622,10.27741735,0.000721354,0.000959494,0.001680848,0.003234331,0.00013712,4.74E-07,6.64E-07,6.70E-07,1.400843882,1.215415744,1.419873395,2.110460314,6.429863551,10,10,10,120.6578076,361.3663024,538.9069674,548.1874006,556.5353273,564.6707331,55.92788839,260.0422065,4300.976801,560.8236823,Healthy
1.70E-07,2.50E-07,9.980771984,385664992,59083562.99,8.10E-07,0.010628811,10.1862928,0.000721354,0.000959494,0.001680848,0.003234331,0.00013712,4.74E-07,6.64E-07,6.70E-07,1.400843882,1.215415744,1.419873395,2.110460314,6.429863551,10,10,10,120.6578076,361.3663024,538.9069674,548.1874006,556.5353273,564.6707331,55.92788839,260.0422065,4300.976801,560.8236823,Healthy
1.80E-07,3.30E-07,9.954831892,382455900.9,53284924.22,1.50E-06,0.00785505,10.17918782,0.000721354,0.000959494,0.001680848,0.003234331,0.00013712,4.74E-07,6.64E-07,6.70E-07,1.400843882,1.215415744,1.419873395,2.110460314,6.429863551,10,10,10,120.6578076,361.3663024,538.9069674,548.1874006,556.5353273,564.6707331,55.92788839,260.0422065,4300.976801,560.8236823,Healthy
1.80E-07,1.70E-07,9.984063484,389404420.6,63059754.8,5.60E-07,0.011800452,10.29234513,0.000733703,0.000960711,0.001694414,0.003293303,0.000139417,4.88E-07,6.68E-07,6.80E-07,1.368852459,1.225653168,1.434237867,2.134367399,4.016247964,10,10,10,116.6188109,356.1767629,549.4879558,562.5988826,571.2945732,579.7716211,57.42386459,256.0589641,4382.544664,575.7627925,Healthy
1.70E-07,2.40E-07,9.980740791,385664883.4,59091197.03,8.10E-07,0.010718441,10.19006383,0.000733703,0.000960711,0.001694414,0.003293303,0.000139417,4.88E-07,6.68E-07,6.80E-07,1.368852459,1.225653168,1.434237867,2.134367399,4.016247964,10,10,10,116.6188109,356.1767629,549.4879558,562.5988826,571.2945732,579.7716211,57.42386459,256.0589641,4382.544664,575.7627925,Healthy
1.80E-07,3.30E-07,9.954831034,382455895.9,54041520.01,1.50E-06,0.007910603,10.17941297,0.000733703,0.000960711,0.001694414,0.003293303,0.000139417,4.88E-07,6.68E-07,6.80E-07,1.368852459,1.225653168,1.434237867,2.134367399,4.016247964,10,10,10,116.6188109,356.1767629,549.4879558,562.5988826,571.2945732,579.7716211,57.42386459,256.0589641,4382.544664,575.7627925,Healthy
1.80E-07,1.70E-07,9.983982438,389404326,64096266.72,5.60E-07,0.011910444,10.30486546,0.000750294,0.000959414,0.001709708,0.003376407,0.000143168,5.06E-07,6.64E-07,6.70E-07,1.312252964,1.23594509,1.44865312,2.15857353,3.887169249,10,10,10,112.7087515,350.7076131,557.0282472,576.2972431,585.334123,594.1465942,58.84795311,251.9546194,4457.10901,589.9789131,Healthy
1.70E-07,2.40E-07,9.980744523,385664992.1,59119633.1,8.10E-07,0.010812199,10.19477688,0.000750294,0.000959414,0.001709708,0.003376407,0.000143168,5.06E-07,6.64E-07,6.70E-07,1.312252964,1.23594509,1.44865312,2.15857353,3.887169249,10,10,10,112.7087515,350.7076131,557.0282472,576.2972431,585.334123,594.1465942,58.84795311,251.9546194,4457.10901,589.9789131,Healthy
1.80E-07,3.40E-07,9.954831018,382455907,54812584.94,1.50E-06,0.007968438,10.17964198,0.000750294,0.000959414,0.001709708,0.003376407,0.000143168,5.06E-07,6.64E-07,6.70E-07,1.312252964,1.23594509,1.44865312,2.15857353,3.887169249,10,10,10,112.7087515,350.7076131,557.0282472,576.2972431,585.334123,594.1465942,58.84795311,251.9546194,4457.10901,589.9789131,Healthy
1.90E-07,1.70E-07,9.984035115,389404372.8,65185613.31,5.60E-07,0.01202873,10.32109661,0.000786688,0.000961436,0.001748124,0.003556581,0.000150503,5.52E-07,6.68E-07,6.80E-07,1.210144928,1.246308024,1.463146483,2.183034925,3.84592081,10,10,10,108.9291177,345.0292883,562.0757146,589.3185521,598.6899348,607.83149,60.20370191,248.0680324,4525.063009,603.5079394,Healthy
1.80E-07,2.30E-07,9.980736924,385664991.6,59125621.89,8.10E-07,0.01091419,10.20099,0.000786688,0.000961436,0.001748124,0.003556581,0.000150503,5.52E-07,6.68E-07,6.80E-07,1.210144928,1.246308024,1.463146483,2.183034925,3.84592081,10,10,10,108.9291177,345.0292883,562.0757146,589.3185521,598.6899348,607.83149,60.20370191,248.0680324,4525.063009,603.5079394,Healthy
1.80E-07,3.40E-07,9.954832314,382455897.7,55621339.16,1.50E-06,0.008030647,10.17986584,0.000786688,0.000961436,0.001748124,0.003556581,0.000150503,5.52E-07,6.68E-07,6.80E-07,1.210144928,1.246308024,1.463146483,2.183034925,3.84592081,10,10,10,108.9291177,345.0292883,562.0757146,589.3185521,598.6899348,607.83149,60.20370191,248.0680324,4525.063009,603.5079394,Healthy
1.90E-07,1.60E-07,9.984081149,389404393.8,66297325.75,5.60E-07,0.012152253,10.32502646,0.000389423,0.000648559,0.001037982,0.002254249,8.25E-06,2.92E-07,5.40E-07,6.80E-07,1.849315068,1.256764207,1.477725438,2.207924805,3.83277407,10,10,10,105.2801445,339.2073586,565.072023,601.6968301,611.3959458,620.8601531,61.49446175,244.3201809,4586.780109,616.383761,Healthy
1.80E-07,2.30E-07,9.980766504,385664883.4,59154607.35,8.10E-07,0.011019203,10.21484601,0.000389423,0.000648559,0.001037982,0.002254249,8.25E-06,2.92E-07,5.40E-07,6.80E-07,1.849315068,1.256764207,1.477725438,2.207924805,3.83277407,10,10,10,105.2801445,339.2073586,565.072023,601.6968301,611.3959458,620.8601531,61.49446175,244.3201809,4586.780109,616.383761,Healthy
1.90E-07,3.40E-07,9.954830951,382455914.3,56450752.91,1.50E-06,0.00809651,10.18009243,0.000389423,0.000648559,0.001037982,0.002254249,8.25E-06,2.92E-07,5.40E-07,6.80E-07,1.849315068,1.256764207,1.477725438,2.207924805,3.83277407,10,10,10,105.2801445,339.2073586,565.072023,601.6968301,611.3959458,620.8601531,61.49446175,244.3201809,4586.780109,616.383761,Healthy
2.00E-07,1.60E-07,9.984118382,389404346.1,67450133.49,5.60E-07,0.01228522,10.33846121,0.000389773,0.000647462,0.001037235,0.002254589,8.20E-06,2.92E-07,5.38E-07,6.80E-07,1.842465753,1.26732821,1.492403008,2.233380685,3.835521493,10,10,10,101.7610748,333.2927596,566.3754313,613.4641742,623.4841956,633.2645555,62.72339799,240.4819414,4642.611987,628.6383826,Healthy
1.90E-07,2.20E-07,9.980736189,385664883.4,59160869.17,8.10E-07,0.011133157,10.23282944,0.000389773,0.000647462,0.001037235,0.002254589,8.20E-06,2.92E-07,5.38E-07,6.80E-07,1.842465753,1.26732821,1.492403008,2.233380685,3.835521493,10,10,10,101.7610748,333.2927596,566.3754313,613.4641742,623.4841956,633.2645555,62.72339799,240.4819414,4642.611987,628.6383826,Healthy
1.90E-07,3.40E-07,9.954835921,382455894.9,58948319.82,1.50E-06,0.008166238,10.18105395,0.000389773,0.000647462,0.001037235,0.002254589,8.20E-06,2.92E-07,5.38E-07,6.80E-07,1.842465753,1.26732821,1.492403008,2.233380685,3.835521493,10,10,10,101.7610748,333.2927596,566.3754313,613.4641742,623.4841956,633.2645555,62.72339799,240.4819414,4642.611987,628.6383826,Healthy
2.00E-07,1.60E-07,9.983969343,389404361.3,68660027.11,5.60E-07,0.012427608,10.34946847,0.000391165,0.000651969,0.001043134,0.002277245,8.45E-06,2.92E-07,5.44E-07,6.90E-07,1.863013699,1.278014191,1.506993931,2.258981172,3.848204007,10,10,10,98.36974932,327.3262823,566.2777922,624.6508774,634.9849424,645.0749105,63.89350195,236.5788639,4692.883732,640.3020397,Warning
2.00E-07,2.20E-07,9.980779852,385664992.2,59186848.45,8.10E-07,0.011255247,10.24806176,0.000391165,0.000651969,0.001043134,0.002277245,8.45E-06,2.92E-07,5.44E-07,6.90E-07,1.863013699,1.278014191,1.506993931,2.258981172,3.848204007,10,10,10,98.36974932,327.3262823,566.2777922,624.6508774,634.9849424,645.0749105,63.89350195,236.5788639,4692.883732,640.3020397,Warning
1.90E-07,3.20E-07,9.954841087,382455898,58988066.13,1.50E-06,0.008241842,10.18299158,0.000391165,0.000651969,0.001043134,0.002277245,8.45E-06,2.92E-07,5.44E-07,6.90E-07,1.863013699,1.278014191,1.506993931,2.258981172,3.848204007,10,10,10,98.36974932,327.3262823,566.2777922,624.6508774,634.9849424,645.0749105,63.89350195,236.5788639,4692.883732,640.3020397,Warning
2.40E-07,1.60E-07,9.984014947,389404344.8,69899210.88,5.60E-07,0.012576552,10.36634601,0.000392927,0.000653983,0.001046909,0.002285603,8.61E-06,2.94E-07,5.48E-07,6.90E-07,1.863945578,1.288850157,1.521426489,2.284730659,3.867567181,10,10,10,95.10530746,321.3407306,565.0180847,635.2855406,645.9267728,656.31978,65.00760149,232.9523106,4737.906837,651.4033067,Warning
2.00E-07,2.20E-07,9.98071005,385664883.4,59196439.68,8.10E-07,0.011383064,10.26118251,0.000392927,0.000653983,0.001046909,0.002285603,8.61E-06,2.94E-07,5.48E-07,6.90E-07,1.863945578,1.288850157,1.521426489,2.284730659,3.867567181,10,10,10,95.10530746,321.3407306,565.0180847,635.2855406,645.9267728,656.31978,65.00760149,232.9523106,4737.906837,651.4033067,Warning
1.90E-07,3.10E-07,9.954817448,382455898.1,59012935.09,1.50E-06,0.008322437,10.18574121,0.000392927,0.000653983,0.001046909,0.002285603,8.61E-06,2.94E-07,5.48E-07,6.90E-07,1.863945578,1.288850157,1.521426489,2.284730659,3.867567181,10,10,10,95.10530746,321.3407306,565.0180847,635.2855406,645.9267728,656.31978,65.00760149,232.9523106,4737.906837,651.4033067,Warning
6.00E-07,9.00E-08,11.97686094,467281666.3,125232419.6,5.70E-07,0.018527418,12.76274103,0.000353127,0.000993102,0.001346229,0.002337526,9.58E-05,2.06E-07,7.12E-07,8.00E-07,3.45631068,1.268557396,1.472893624,2.08977149,3.066992045,6.871487673,10,10,107.0856121,393.1525145,782.534317,1129.680686,1220.531929,1237.855242,122.6022732,290.1114066,7965.904331,1229.664838,Warning
5.90E-07,1.20E-07,11.97270513,462794466.1,98183214.18,8.10E-07,0.016708811,12.74422136,0.000353127,0.000993102,0.001346229,0.002337526,9.58E-05,2.06E-07,7.12E-07,8.00E-07,3.45631068,1.268557396,1.472893624,2.08977149,3.066992045,6.871487673,10,10,107.0856121,393.1525145,782.534317,1129.680686,1220.531929,1237.855242,122.6022732,290.1114066,7965.904331,1229.664838,Warning
5.20E-07,1.50E-07,11.94133747,458944526.5,76523294.01,1.50E-06,0.011849928,12.67727546,0.000353127,0.000993102,0.001346229,0.002337526,9.58E-05,2.06E-07,7.12E-07,8.00E-07,3.45631068,1.268557396,1.472893624,2.08977149,3.066992045,6.871487673,10,10,107.0856121,393.1525145,782.534317,1129.680686,1220.531929,1237.855242,122.6022732,290.1114066,7965.904331,1229.664838,Warning
6.10E-07,9.00E-08,11.97689141,467281644.5,127085734.4,5.70E-07,0.018841464,12.76062913,0.000358664,0.000994049,0.001352713,0.002361726,9.66E-05,2.10E-07,7.18E-07,8.30E-07,3.419047619,1.278987013,1.487178394,2.115407668,3.110943429,6.962886872,10,10,103.2621474,383.8448928,768.5334968,1118.711325,1221.627838,1239.265086,122.7426376,284.8859974,7907.571194,1230.925727,Warning
6.10E-07,1.20E-07,11.97272372,462794466.7,99931227.64,8.10E-07,0.017004741,12.74269104,0.000358664,0.000994049,0.001352713,0.002361726,9.66E-05,2.10E-07,7.18E-07,8.30E-07,3.419047619,1.278987013,1.487178394,2.115407668,3.110943429,6.962886872,10,10,103.2621474,383.8448928,768.5334968,1118.711325,1221.627838,1239.265086,122.7426376,284.8859974,7907.571194,1230.925727,Warning
5.40E-07,1.50E-07,11.94137052,458944521.3,77230580.19,1.50E-06,0.012060797,12.68428856,0.000358664,0.000994049,0.001352713,0.002361726,9.66E-05,2.10E-07,7.18E-07,8.30E-07,3.419047619,1.278987013,1.487178394,2.115407668,3.110943429,6.962886872,10,10,103.2621474,383.8448928,768.5334968,1118.711325,1221.627838,1239.265086,122.7426376,284.8859974,7907.571194,1230.925727,Warning
6.30E-07,9.00E-08,11.97700424,467281656.1,130960655,5.70E-07,0.019519732,12.75432485,0.000368228,0.001002981,0.001371209,0.002390663,9.81E-05,2.14E-07,7.38E-07,8.90E-07,3.448598131,1.300327328,1.515345875,2.167056398,3.200005338,7.160809726,10,10,96.1017991,365.993106,741.2341264,1095.409763,1222.974435,1241.209475,122.9366308,274.7043767,7785.512757,1232.586401,Fault
6.30E-07,1.10E-07,11.97285073,462794836.6,103637609.3,8.10E-07,0.017649543,12.74363009,0.000368228,0.001002981,0.001371209,0.002390663,9.81E-05,2.14E-07,7.38E-07,8.90E-07,3.448598131,1.300327328,1.515345875,2.167056398,3.200005338,7.160809726,10,10,96.1017991,365.993106,741.2341264,1095.409763,1222.974435,1241.209475,122.9366308,274.7043767,7785.512757,1232.586401,Fault
5.70E-07,1.40E-07,11.94146736,458944538.3,78634136.38,1.50E-06,0.012519578,12.69499936,0.000368228,0.001002981,0.001371209,0.002390663,9.81E-05,2.14E-07,7.38E-07,8.90E-07,3.448598131,1.300327328,1.515345875,2.167056398,3.200005338,7.160809726,10,10,96.1017991,365.993106,741.2341264,1095.409763,1222.974435,1241.209475,122.9366308,274.7043767,7785.512757,1232.586401,Fault
6.40E-07,9.00E-08,11.97708846,467281626.1,132978241.2,5.80E-07,0.019889806,12.75553609,0.000375077,0.001002667,0.001377745,0.002407318,9.86E-05,2.24E-07,7.42E-07,9.10E-07,3.3125,1.309728766,1.529237097,2.193088953,3.245253584,7.265833178,10,10,92.75402353,357.4333483,727.9441513,1083.252626,1223.259758,1241.779083,122.9937322,269.7293001,7722.080924,1233.021049,Fault
6.50E-07,1.10E-07,11.97291798,462794836.5,105605596,8.10E-07,0.01800059,12.7452768,0.000375077,0.001002667,0.001377745,0.002407318,9.86E-05,2.24E-07,7.42E-07,9.10E-07,3.3125,1.309728766,1.529237097,2.193088953,3.245253584,7.265833178,10,10,92.75402353,357.4333483,727.9441513,1083.252626,1223.259758,1241.779083,122.9937322,269.7293001,7722.080924,1233.021049,Fault
5.90E-07,1.40E-07,11.94152522,458944501.8,79330715.1,1.50E-06,0.012766502,12.69828231,0.000375077,0.001002667,0.001377745,0.002407318,9.86E-05,2.24E-07,7.42E-07,9.10E-07,3.3125,1.309728766,1.529237097,2.193088953,3.245253584,7.265833178,10,10,92.75402353,357.4333483,727.9441513,1083.252626,1223.259758,1241.779083,122.9937322,269.7293001,7722.080924,1233.021049,Fault
6.50E-07,9.00E-08,11.97713103,467281693.8,135022454,5.70E-07,0.020281041,12.74818069,0.000380423,0.001005403,0.001385826,0.002418942,9.92E-05,2.32E-07,7.50E-07,9.40E-07,3.232758621,1.319205192,1.543234266,2.219273215,3.290594233,7.374179774,10,10,89.54773456,349.1108844,714.9023634,1070.853551,1222.817441,1242.101923,123.0263783,264.9598635,7657.227719,1233.212363,Fault
6.60E-07,1.10E-07,11.97273782,462794836.5,107629652.3,8.10E-07,0.018368738,12.74395677,0.000380423,0.001005403,0.001385826,0.002418942,9.92E-05,2.32E-07,7.50E-07,9.40E-07,3.232758621,1.319205192,1.543234266,2.219273215,3.290594233,7.374179774,10,10,89.54773456,349.1108844,714.9023634,1070.853551,1222.817441,1242.101923,123.0263783,264.9598635,7657.227719,1233.212363,Fault
6.10E-07,1.40E-07,11.94143022,458944528.7,80022479.65,1.50E-06,0.013027957,12.70427391,0.000380423,0.001005403,0.001385826,0.002418942,9.92E-05,2.32E-07,7.50E-07,9.40E-07,3.232758621,1.319205192,1.543234266,2.219273215,3.290594233,7.374179774,10,10,89.54773456,349.1108844,714.9023634,1070.853551,1222.817441,1242.101923,123.0263783,264.9598635,7657.227719,1233.212363,Fault
5.10E-07,1.00E-07,11.97702799,467281655.8,111956295.2,5.70E-07,0.016473419,12.75702958,0.000316538,0.000978903,0.001295442,0.002228171,9.13E-05,1.88E-07,6.78E-07,6.80E-07,3.606382979,1.187639859,1.360400609,1.889872563,2.728319555,8.160060204,10,10,144.4193711,477.4764186,901.4255156,1181.28337,1198.829782,1213.255689,120.1595354,337.5017111,8343.310394,1206.438898,Healthy
4.80E-07,1.30E-07,11.97276016,462794836.8,86121804.23,8.10E-07,0.014787822,12.70902397,0.000316538,0.000978903,0.001295442,0.002228171,9.13E-05,1.88E-07,6.78E-07,6.80E-07,3.606382979,1.187639859,1.360400609,1.889872563,2.728319555,8.160060204,10,10,144.4193711,477.4764186,901.4255156,1181.28337,1198.829782,1213.255689,120.1595354,337.5017111,8343.310394,1206.438898,Healthy
4.10E-07,1.50E-07,11.94573376,458944521.2,70907322.05,1.50E-06,0.010500164,12.61677226,0.000316538,0.000978903,0.001295442,0.002228171,9.13E-05,1.88E-07,6.78E-07,6.80E-07,3.606382979,1.187639859,1.360400609,1.889872563,2.728319555,8.160060204,10,10,144.4193711,477.4764186,901.4255156,1181.28337,1198.829782,1213.255689,120.1595354,337.5017111,8343.310394,1206.438898,Healthy
5.20E-07,1.00E-07,11.97709759,467281649.6,113480831.8,5.70E-07,0.016694085,12.75674839,0.000319803,0.000983367,0.00130317,0.002250572,9.21E-05,1.88E-07,6.82E-07,6.90E-07,3.627659574,1.198940409,1.374555815,1.914371717,2.769299695,7.598077975,10,10,139.0312242,465.9363853,886.0870151,1180.482646,1203.032559,1217.859649,120.6163594,331.1494137,8306.883276,1210.852776,Healthy
5.00E-07,1.20E-07,11.97283389,462794466.1,87470009.4,8.10E-07,0.014998595,12.71800294,0.000319803,0.000983367,0.00130317,0.002250572,9.21E-05,1.88E-07,6.82E-07,6.90E-07,3.627659574,1.198940409,1.374555815,1.914371717,2.769299695,7.598077975,10,10,139.0312242,465.9363853,886.0870151,1180.482646,1203.032559,1217.859649,120.6163594,331.1494137,8306.883276,1210.852776,Healthy
4.20E-07,1.50E-07,11.94574807,458944524.3,71595748.94,1.50E-06,0.01064107,12.6282571,0.000319803,0.000983367,0.00130317,0.002250572,9.21E-05,1.88E-07,6.82E-07,6.90E-07,3.627659574,1.198940409,1.374555815,1.914371717,2.769299695,7.598077975,10,10,139.0312242,465.9363853,886.0870151,1180.482646,1203.032559,1217.859649,120.6163594,331.1494137,8306.883276,1210.852776,Healthy
5.30E-07,9.00E-08,11.97715969,467281680,115018160.4,5.70E-07,0.016920755,12.76311446,0.000325425,0.000982115,0.001307539,0.002260238,9.27E-05,1.92E-07,6.82E-07,6.90E-07,3.552083333,1.208765067,1.388848718,1.938992242,2.810591045,7.130587188,10,10,133.8640575,454.685797,870.8246954,1177.457674,1206.753823,1221.97069,121.024352,324.8882882,8266.883415,1214.779107,Healthy
5.10E-07,1.20E-07,11.97284483,462794835.6,88840063.6,8.10E-07,0.015202436,12.71751663,0.000325425,0.000982115,0.001307539,0.002260238,9.27E-05,1.92E-07,6.82E-07,6.90E-07,3.552083333,1.208765067,1.388848718,1.938992242,2.810591045,7.130587188,10,10,133.8640575,454.685797,870.8246954,1177.457674,1206.753823,1221.97069,121.024352,324.8882882,8266.883415,1214.779107,Healthy
4.30E-07,1.50E-07,11.94577278,458944540.9,72280727.18,1.50E-06,0.010787814,12.62989665,0.000325425,0.000982115,0.001307539,0.002260238,9.27E-05,1.92E-07,6.82E-07,6.90E-07,3.552083333,1.208765067,1.388848718,1.938992242,2.810591045,7.130587188,10,10,133.8640575,454.685797,870.8246954,1177.457674,1206.753823,1221.97069,121.024352,324.8882882,8266.883415,1214.779107,Healthy
5.50E-07,9.00E-08,11.97723735,467281650.5,116621702.4,5.70E-07,0.017160751,12.7668938,0.00032876,0.000980394,0.001309154,0.002256941,9.25E-05,1.92E-07,6.80E-07,6.90E-07,3.541666667,1.218483205,1.40312181,1.963748883,2.852466573,6.744116535,10,10,128.9099722,443.7138473,855.6787825,1172.581018,1210.023804,1225.619148,121.3865172,318.7149327,8223.5804,1218.248178,Healthy
5.20E-07,1.20E-07,11.97287485,462794465.8,90278301.68,8.10E-07,0.015426232,12.72253401,0.00032876,0.000980394,0.001309154,0.002256941,9.25E-05,1.92E-07,6.80E-07,6.90E-07,3.541666667,1.218483205,1.40312181,1.963748883,2.852466573,6.744116535,10,10,128.9099722,443.7138473,855.6787825,1172.581018,1210.023804,1225.619148,121.3865172,318.7149327,8223.5804,1218.248178,Healthy
4.50E-07,1.60E-07,11.94143699,458944541.7,72979359.86,1.50E-06,0.010944001,12.64520434,0.00032876,0.000980394,0.001309154,0.002256941,9.25E-05,1.92E-07,6.80E-07,6.90E-07,3.541666667,1.218483205,1.40312181,1.963748883,2.852466573,6.744116535,10,10,128.9099722,443.7138473,855.6787825,1172.581018,1210.023804,1225.619148,121.3865172,318.7149327,8223.5804,1218.248178,Healthy
5.50E-07,9.00E-08,11.97730395,467281628.8,118245060.3,5.70E-07,0.017408294,12.76175529,0.000334786,0.000984191,0.001318977,0.002284164,9.35E-05,1.98E-07,6.84E-07,6.90E-07,3.454545455,1.228274474,1.416897595,1.988648926,2.894478904,6.623550332,10,10,124.1589337,433.0440013,840.6776327,1166.163013,1212.870756,1228.833405,121.7056651,312.6911197,8177.235608,1221.288312,Healthy
5.30E-07,1.20E-07,11.97270557,462794465.9,91743976.05,8.10E-07,0.01565726,12.72595459,0.000334786,0.000984191,0.001318977,0.002284164,9.35E-05,1.98E-07,6.84E-07,6.90E-07,3.454545455,1.228274474,1.416897595,1.988648926,2.894478904,6.623550332,10,10,124.1589337,433.0440013,840.6776327,1166.163013,1212.870756,1228.833405,121.7056651,312.6911197,8177.235608,1221.288312,Healthy
4.60E-07,1.50E-07,11.94146502,458944520.7,73676862.19,1.50E-06,0.011105501,12.65066172,0.000334786,0.000984191,0.001318977,0.002284164,9.35E-05,1.98E-07,6.84E-07,6.90E-07,3.454545455,1.228274474,1.416897595,1.988648926,2.894478904,6.623550332,10,10,124.1589337,433.0440013,840.6776327,1166.163013,1212.870756,1228.833405,121.7056651,312.6911197,8177.235608,1221.288312,Healthy
5.60E-07,9.00E-08,11.97706247,467281671.3,119913447.1,5.70E-07,0.017666891,12.76210695,0.00034024,0.000988148,0.001328388,0.002304211,9.45E-05,2.02E-07,6.86E-07,6.90E-07,3.396039604,1.23816028,1.430755945,2.013714661,2.937141665,6.65398393,10,10,119.6123776,422.6574981,825.8452337,1158.463135,1215.321099,1231.640029,121.9844268,306.9263577,8128.082375,1223.92601,Healthy
5.50E-07,1.20E-07,11.97263085,462794466.8,93261326.71,8.10E-07,0.015898399,12.7345367,0.00034024,0.000988148,0.001328388,0.002304211,9.45E-05,2.02E-07,6.86E-07,6.90E-07,3.396039604,1.23816028,1.430755945,2.013714661,2.937141665,6.65398393,10,10,119.6123776,422.6574981,825.8452337,1158.463135,1215.321099,1231.640029,121.9844268,306.9263577,8128.082375,1223.92601,Healthy
4.80E-07,1.50E-07,11.94153248,458944535.4,74386113.98,1.50E-06,0.011272461,12.66143595,0.00034024,0.000988148,0.001328388,0.002304211,9.45E-05,2.02E-07,6.86E-07,6.90E-07,3.396039604,1.23816028,1.430755945,2.013714661,2.937141665,6.65398393,10,10,119.6123776,422.6574981,825.8452337,1158.463135,1215.321099,1231.640029,121.9844268,306.9263577,8128.082375,1223.92601,Healthy
5.80E-07,9.00E-08,11.97693164,467281681.8,121646569.3,5.70E-07,0.017941637,12.7668343,0.000343796,0.000986706,0.001330502,0.002305879,9.45E-05,2.02E-07,6.88E-07,7.00E-07,3.405940594,1.248161215,1.444693254,2.038925556,2.980004158,6.711832387,10,10,115.2527692,412.557643,811.2008892,1149.699049,1217.399557,1234.063905,122.2252663,301.2484283,8076.344386,1226.186081,Warning
5.60E-07,1.20E-07,11.9726193,462794466.7,94852878.71,8.10E-07,0.016156964,12.73306105,0.000343796,0.000986706,0.001330502,0.002305879,9.45E-05,2.02E-07,6.88E-07,7.00E-07,3.405940594,1.248161215,1.444693254,2.038925556,2.980004158,6.711832387,10,10,115.2527692,412.557643,811.2008892,1149.699049,1217.399557,1234.063905,122.2252663,301.2484283,8076.344386,1226.186081,Warning
4.90E-07,1.50E-07,11.94145671,458944522.7,75096962.24,1.50E-06,0.011459331,12.66656685,0.000343796,0.000986706,0.001330502,0.002305879,9.45E-05,2.02E-07,6.88E-07,7.00E-07,3.405940594,1.248161215,1.444693254,2.038925556,2.980004158,6.711832387,10,10,115.2527692,412.557643,811.2008892,1149.699049,1217.399557,1234.063905,122.2252663,301.2484283,8076.344386,1226.186081,Warning
5.90E-07,9.00E-08,11.97687878,467281650.8,123405659.6,5.70E-07,0.018228738,12.76277971,0.000349557,0.000990445,0.001340002,0.002325187,9.57E-05,2.06E-07,6.90E-07,7.00E-07,3.349514563,1.258281491,1.458734485,2.064276003,3.023308621,6.786563077,10,10,111.0828089,402.7221437,796.7598882,1140.053386,1219.129274,1236.128353,122.4304933,295.6204523,8022.221802,1228.091764,Warning
5.80E-07,1.20E-07,11.97264869,462794835.8,96478503.69,8.10E-07,0.016424482,12.73680674,0.000349557,0.000990445,0.001340002,0.002325187,9.57E-05,2.06E-07,6.90E-07,7.00E-07,3.349514563,1.258281491,1.458734485,2.064276003,3.023308621,6.786563077,10,10,111.0828089,402.7221437,796.7598882,1140.053386,1219.129274,1236.128353,122.4304933,295.6204523,8022.221802,1228.091764,Warning
5.10E-07,1.50E-07,11.9413474,458944521.5,75802509.55,1.50E-06,0.011651067,12.67472636,0.000349557,0.000990445,0.001340002,0.002325187,9.57E-05,2.06E-07,6.90E-07,7.00E-07,3.349514563,1.258281491,1.458734485,2.064276003,3.023308621,6.786563077,10,10,111.0828089,402.7221437,796.7598882,1140.053386,1219.129274,1236.128353,122.4304933,295.6204523,8022.221802,1228.091764,Warning
8.90E-07,6.00E-08,11.01084386,584095919.3,217578236.9,6.50E-07,0.026425479,15.90057242,0.000208239,0.001012334,0.001220573,0.002061081,8.31E-05,1.12E-07,8.22E-07,1.03E-06,7.339285714,1.249055885,1.4335734,1.967692641,2.759529254,4.745087513,10,10,119.9752967,459.8530438,966.9239057,1552.923108,1982.698597,2202.065422,218.2831576,348.4199025,11721.91457,2117.51431,Warning
9.80E-07,7.00E-08,10.94399548,578490817.6,173147894.4,9.30E-07,0.02336758,15.91321675,0.000208239,0.001012334,0.001220573,0.002061081,8.31E-05,1.12E-07,8.22E-07,1.03E-06,7.339285714,1.249055885,1.4335734,1.967692641,2.759529254,4.745087513,10,10,119.9752967,459.8530438,966.9239057,1552.923108,1982.698597,2202.065422,218.2831576,348.4199025,11721.91457,2117.51431,Warning
1.04E-06,8.00E-08,10.88750436,573678793.1,133283830,1.69E-06,0.015676463,15.94213191,0.000208239,0.001012334,0.001220573,0.002061081,8.31E-05,1.12E-07,8.22E-07,1.03E-06,7.339285714,1.249055885,1.4335734,1.967692641,2.759529254,4.745087513,10,10,119.9752967,459.8530438,966.9239057,1552.923108,1982.698597,2202.065422,218.2831576,348.4199025,11721.91457,2117.51431,Warning
8.70E-07,6.00E-08,11.01084364,584095897.5,220264825.6,6.50E-07,0.026412043,15.85019848,0.000212873,0.001013531,0.001226404,0.002072423,8.35E-05,1.18E-07,8.38E-07,1.06E-06,7.101694915,1.258585808,1.446396111,1.989972333,2.795494909,4.819815249,10,10,115.6978367,449.0980413,948.1070524,1526.403391,1954.814476,2183.186105,216.4510904,342.4682471,11540.09971,2093.339774,Warning
9.50E-07,7.00E-08,10.94399548,578490817.5,175706657.5,9.20E-07,0.02334593,15.86470762,0.000212873,0.001013531,0.001226404,0.002072423,8.35E-05,1.18E-07,8.38E-07,1.06E-06,7.101694915,1.258585808,1.446396111,1.989972333,2.795494909,4.819815249,10,10,115.6978367,449.0980413,948.1070524,1526.403391,1954.814476,2183.186105,216.4510904,342.4682471,11540.09971,2093.339774,Warning
1.01E-06,8.00E-08,10.88750436,573678793.1,135557374.8,1.69E-06,0.015622509,15.89235192,0.000212873,0.001013531,0.001226404,0.002072423,8.35E-05,1.18E-07,8.38E-07,1.06E-06,7.101694915,1.258585808,1.446396111,1.989972333,2.795494909,4.819815249,10,10,115.6978367,449.0980413,948.1070524,1526.403391,1954.814476,2183.186105,216.4510904,342.4682471,11540.09971,2093.339774,Warning
8.40E-07,6.00E-08,11.01084415,584095949.2,223042551.2,6.50E-07,0.026403943,15.80168848,0.000215782,0.001016214,0.001231996,0.002078528,8.38E-05,1.18E-07,8.52E-07,1.07E-06,7.220338983,1.268276176,1.459344943,2.012357773,2.83192893,4.89566596,10,10,111.5913703,438.6001285,929.6768225,1500.371032,1927.1561,2163.507131,214.5362124,336.5998838,11360.33279,2068.92897,Warning
9.30E-07,7.00E-08,10.94399548,578490817.5,178374285.5,9.20E-07,0.023328667,15.81767901,0.000215782,0.001016214,0.001231996,0.002078528,8.38E-05,1.18E-07,8.52E-07,1.07E-06,7.220338983,1.268276176,1.459344943,2.012357773,2.83192893,4.89566596,10,10,111.5913703,438.6001285,929.6768225,1500.371032,1927.1561,2163.507131,214.5362124,336.5998838,11360.33279,2068.92897,Warning
9.90E-07,8.00E-08,10.88750437,573678792.8,137934953.6,1.70E-06,0.015565997,15.8439499,0.000215782,0.001016214,0.001231996,0.002078528,8.38E-05,1.18E-07,8.52E-07,1.07E-06,7.220338983,1.268276176,1.459344943,2.012357773,2.83192893,4.89566596,10,10,111.5913703,438.6001285,929.6768225,1500.371032,1927.1561,2163.507131,214.5362124,336.5998838,11360.33279,2068.92897,Warning
8.20E-07,6.00E-08,11.01084327,584095861.9,225804397.7,6.50E-07,0.026394308,15.75590239,0.000219417,0.001017079,0.001236496,0.002084035,8.41E-05,1.20E-07,8.64E-07,1.09E-06,7.2,1.278138418,1.472433607,2.034855023,2.868732886,4.972783254,10,10,107.6503265,428.350331,911.6293888,1474.822984,1899.750942,2143.164758,212.5523807,330.8397885,11182.76147,2044.359438,Fault
9.10E-07,7.00E-08,10.94399548,578490817.5,181082675.4,9.30E-07,0.023301764,15.77299827,0.000219417,0.001017079,0.001236496,0.002084035,8.41E-05,1.20E-07,8.64E-07,1.09E-06,7.2,1.278138418,1.472433607,2.034855023,2.868732886,4.972783254,10,10,107.6503265,428.350331,911.6293888,1474.822984,1899.750942,2143.164758,212.5523807,330.8397885,11182.76147,2044.359438,Fault
9.70E-07,8.00E-08,10.88750434,573678794.3,140375186.5,1.70E-06,0.015504159,15.79784248,0.000219417,0.001017079,0.001236496,0.002084035,8.41E-05,1.20E-07,8.64E-07,1.09E-06,7.2,1.278138418,1.472433607,2.034855023,2.868732886,4.972783254,10,10,107.6503265,428.350331,911.6293888,1474.822984,1899.750942,2143.164758,212.5523807,330.8397885,11182.76147,2044.359438,Fault
8.00E-07,5.00E-08,10.94399548,584095977.5,228669930.1,6.50E-07,0.026381877,15.71182591,0.000223748,0.001021623,0.001245371,0.002108738,8.50E-05,1.24E-07,8.80E-07,1.12E-06,7.096774194,1.288188133,1.485669846,2.057524146,2.90590604,5.050963521,10,10,103.8699711,418.3582671,893.962483,1449.755077,1872.622786,2122.277681,210.5116723,325.1984317,11007.50444,2019.698385,Fault
8.90E-07,7.00E-08,10.94399548,578490817.4,183895414.5,9.20E-07,0.0232758,15.72970556,0.000223748,0.001021623,0.001245371,0.002108738,8.50E-05,1.24E-07,8.80E-07,1.12E-06,7.096774194,1.288188133,1.485669846,2.057524146,2.90590604,5.050963521,10,10,103.8699711,418.3582671,893.962483,1449.755077,1872.622786,2122.277681,210.5116723,325.1984317,11007.50444,2019.698385,Fault
9.50E-07,8.00E-08,10.8875044,573678791.1,142928521.6,1.69E-06,0.015449203,15.75305344,0.000223748,0.001021623,0.001245371,0.002108738,8.50E-05,1.24E-07,8.80E-07,1.12E-06,7.096774194,1.288188133,1.485669846,2.057524146,2.90590604,5.050963521,10,10,103.8699711,418.3582671,893.962483,1449.755077,1872.622786,2122.277681,210.5116723,325.1984317,11007.50444,2019.698385,Fault
7.80E-07,5.00E-08,10.94399548,584096117.6,231534190.9,6.50E-07,0.026370538,15.67014928,0.000231269,0.001022652,0.001253922,0.002119781,8.52E-05,1.34E-07,8.90E-07,1.14E-06,6.641791045,1.298437883,1.499067517,2.080429037,2.943556317,5.13020166,10,10,100.2449955,408.6094355,876.6676462,1425.163061,1845.792236,2100.949434,208.4246268,319.6239789,10834.66096,1995.003847,Fault
8.70E-07,7.00E-08,10.94399549,578490817.2,186765419.7,9.30E-07,0.023251574,15.68851173,0.000231269,0.001022652,0.001253922,0.002119781,8.52E-05,1.34E-07,8.90E-07,1.14E-06,6.641791045,1.298437883,1.499067517,2.080429037,2.943556317,5.13020166,10,10,100.2449955,408.6094355,876.6676462,1425.163061,1845.792236,2100.949434,208.4246268,319.6239789,10834.66096,1995.003847,Fault
9.30E-07,8.00E-08,10.88750453,573678785.8,145555324.4,1.69E-06,0.015389674,15.71033165,0.000231269,0.001022652,0.001253922,0.002119781,8.52E-05,1.34E-07,8.90E-07,1.14E-06,6.641791045,1.298437883,1.499067517,2.080429037,2.943556317,5.13020166,10,10,100.2449955,408.6094355,876.6676462,1425.163061,1845.792236,2100.949434,208.4246268,319.6239789,10834.66096,1995.003847,Fault
9.20E-07,6.00E-08,11.01084157,584095697.4,197789380.8,5.90E-07,0.02524021,16.033812,0.000181346,0.000992446,0.001173791,0.001986949,8.00E-05,1.00E-07,7.22E-07,8.60E-07,7.22,1.172097829,1.330554421,1.795935806,2.486810566,4.189325409,10,10,160.9218516,555.2533882,1131.500816,1782.7162,2208.174151,2319.521258,229.712182,399.2891584,13223.5887,2290.418909,Healthy
1.01E-06,7.00E-08,10.94399548,578490817.6,154941642.8,8.60E-07,0.022798116,16.06575623,0.000181346,0.000992446,0.001173791,0.001986949,8.00E-05,1.00E-07,7.22E-07,8.60E-07,7.22,1.172097829,1.330554421,1.795935806,2.486810566,4.189325409,10,10,160.9218516,555.2533882,1131.500816,1782.7162,2208.174151,2319.521258,229.712182,399.2891584,13223.5887,2290.418909,Healthy
1.03E-06,9.00E-08,10.88750433,573678794.8,117519041.2,1.60E-06,0.015757165,16.06778308,0.000181346,0.000992446,0.001173791,0.001986949,8.00E-05,1.00E-07,7.22E-07,8.60E-07,7.22,1.172097829,1.330554421,1.795935806,2.486810566,4.189325409,10,10,160.9218516,555.2533882,1131.500816,1782.7162,2208.174151,2319.521258,229.712182,399.2891584,13223.5887,2290.418909,Healthy
9.20E-07,6.00E-08,11.01084452,584095986.2,200104989.3,6.00E-07,0.025527686,16.0207584,0.000184228,0.00099314,0.001177369,0.00197912,7.97E-05,1.00E-07,7.30E-07,8.90E-07,7.3,1.182455052,1.343254724,1.816788158,2.519379972,4.254606196,10,10,155.1124332,542.4207737,1109.571693,1752.296137,2180.407086,2306.365133,228.4109369,392.6324052,13033.37031,2271.555821,Healthy
1.01E-06,7.00E-08,10.94399549,578490817.4,157019549.3,8.70E-07,0.022996159,16.05754547,0.000184228,0.00099314,0.001177369,0.00197912,7.97E-05,1.00E-07,7.30E-07,8.90E-07,7.3,1.182455052,1.343254724,1.816788158,2.519379972,4.254606196,10,10,155.1124332,542.4207737,1109.571693,1752.296137,2180.407086,2306.365133,228.4109369,392.6324052,13033.37031,2271.555821,Healthy
1.04E-06,9.00E-08,10.88750437,573678793,119288095.8,1.61E-06,0.015834059,16.06497642,0.000184228,0.00099314,0.001177369,0.00197912,7.97E-05,1.00E-07,7.30E-07,8.90E-07,7.3,1.182455052,1.343254724,1.816788158,2.519379972,4.254606196,10,10,155.1124332,542.4207737,1109.571693,1752.296137,2180.407086,2306.365133,228.4109369,392.6324052,13033.37031,2271.555821,Healthy
9.20E-07,6.00E-08,11.01084218,584095755,202432770.8,6.10E-07,0.025782864,16.01194033,0.000186869,0.000995781,0.00118265,0.001986827,8.00E-05,1.00E-07,7.36E-07,9.10E-07,7.36,1.193076124,1.356072041,1.837808208,2.552396115,4.321016123,10,10,149.5057665,529.84288,1088.025314,1722.348475,2152.335754,2293.070856,227.0959631,386.09038,12843.50332,2251.809917,Healthy
1.01E-06,7.00E-08,10.94399548,578490817.6,159122245.9,8.80E-07,0.023161941,16.04809814,0.000186869,0.000995781,0.00118265,0.001986827,8.00E-05,1.00E-07,7.36E-07,9.10E-07,7.36,1.193076124,1.356072041,1.837808208,2.552396115,4.321016123,10,10,149.5057665,529.84288,1088.025314,1722.348475,2152.335754,2293.070856,227.0959631,386.09038,12843.50332,2251.809917,Healthy
1.04E-06,8.00E-08,10.88750449,573678787.7,121083757,1.63E-06,0.015880283,16.0554849,0.000186869,0.000995781,0.00118265,0.001986827,8.00E-05,1.00E-07,7.36E-07,9.10E-07,7.36,1.193076124,1.356072041,1.837808208,2.552396115,4.321016123,10,10,149.5057665,529.84288,1088.025314,1722.348475,2152.335754,2293.070856,227.0959631,386.09038,12843.50332,2251.809917,Healthy
9.20E-07,6.00E-08,11.01084549,584096085,204850721.7,6.20E-07,0.026016173,16.00037373,0.000191846,0.000997597,0.001189443,0.002005857,8.05E-05,1.06E-07,7.56E-07,9.30E-07,7.132075472,1.203231371,1.369025494,1.859034154,2.585828426,4.388661965,10,10,144.1017253,517.5228596,1066.864921,1692.887406,2124.072592,2279.662994,225.7696941,379.6101913,12654.16261,2231.21818,Healthy
1.02E-06,7.00E-08,10.94399548,578490817.6,161316110.2,8.90E-07,0.023290859,16.04100908,0.000191846,0.000997597,0.001189443,0.002005857,8.05E-05,1.06E-07,7.56E-07,9.30E-07,7.132075472,1.203231371,1.369025494,1.859034154,2.585828426,4.388661965,10,10,144.1017253,517.5228596,1066.864921,1692.887406,2124.072592,2279.662994,225.7696941,379.6101913,12654.16261,2231.21818,Healthy
1.05E-06,8.00E-08,10.88750462,573678782.7,122967306.1,1.64E-06,0.01590134,16.04885253,0.000191846,0.000997597,0.001189443,0.002005857,8.05E-05,1.06E-07,7.56E-07,9.30E-07,7.132075472,1.203231371,1.369025494,1.859034154,2.585828426,4.388661965,10,10,144.1017253,517.5228596,1066.864921,1692.887406,2124.072592,2279.662994,225.7696941,379.6101913,12654.16261,2231.21818,Healthy
9.20E-07,6.00E-08,11.01084358,584095891.8,207276142.8,6.20E-07,0.026199609,15.98744984,0.000195132,0.001000445,0.001195577,0.00201375,8.09E-05,1.08E-07,7.72E-07,9.50E-07,7.148148148,1.212210426,1.382134536,1.880450891,2.619691341,4.457625542,10,10,138.8930281,505.4722752,1046.093941,1663.910707,2095.713318,2266.164026,224.439888,373.1814869,12465.49883,2209.81624,Healthy
1.02E-06,8.00E-08,10.94399277,578491119.9,163539983,9.10E-07,0.023376538,16.03235094,0.000195132,0.001000445,0.001195577,0.00201375,8.09E-05,1.08E-07,7.72E-07,9.50E-07,7.148148148,1.212210426,1.382134536,1.880450891,2.619691341,4.457625542,10,10,138.8930281,505.4722752,1046.093941,1663.910707,2095.713318,2266.164026,224.439888,373.1814869,12465.49883,2209.81624,Healthy
1.06E-06,8.00E-08,10.88750448,573678787.7,124884612.6,1.66E-06,0.015889626,16.04462882,0.000195132,0.001000445,0.001195577,0.00201375,8.09E-05,1.08E-07,7.72E-07,9.50E-07,7.148148148,1.212210426,1.382134536,1.880450891,2.619691341,4.457625542,10,10,138.8930281,505.4722752,1046.093941,1663.910707,2095.713318,2266.164026,224.439888,373.1814869,12465.49883,2209.81624,Healthy
9.20E-07,6.00E-08,11.01084368,584095901.1,209758049.1,6.30E-07,0.026339067,15.97733593,0.000197967,0.001000315,0.001198281,0.002020749,8.12E-05,1.08E-07,7.78E-07,9.70E-07,7.203703704,1.221265827,1.395411559,1.902078657,2.654017287,4.527700315,10,10,133.8825784,493.6741056,1025.713881,1635.426452,2067.332491,2252.216832,223.1109272,366.8367591,12277.66696,2187.64294,Healthy
1.03E-06,7.00E-08,10.94399548,578490817.5,165827205.5,9.20E-07,0.02341372,16.02136365,0.000197967,0.001000315,0.001198281,0.002020749,8.12E-05,1.08E-07,7.78E-07,9.70E-07,7.203703704,1.221265827,1.395411559,1.902078657,2.654017287,4.527700315,10,10,133.8825784,493.6741056,1025.713881,1635.426452,2067.332491,2252.216832,223.1109272,366.8367591,12277.66696,2187.64294,Healthy
1.07E-06,8.00E-08,10.88750428,573678797.3,126866350.4,1.68E-06,0.015849603,16.03349155,0.000197967,0.001000315,0.001198281,0.002020749,8.12E-05,1.08E-07,7.78E-07,9.70E-07,7.203703704,1.221265827,1.395411559,1.902078657,2.654017287,4.527700315,10,10,133.8825784,493.6741056,1025.713881,1635.426452,2067.332491,2252.216832,223.1109272,366.8367591,12277.66696,2187.64294,Healthy
9.20E-07,6.00E-08,11.01084479,584096013.7,212323503.1,6.40E-07,0.026415567,15.96420268,0.000201782,0.00100383,0.001205612,0.002032785,8.18E-05,1.10E-07,7.94E-07,1.00E-06,7.218181818,1.230410076,1.408251069,1.923751771,2.688738125,4.598888508,10,10,129.0661496,482.1377158,1005.725846,1607.433422,2039.001268,2236.774851,221.6327819,360.5658504,12090.9332,2164.779174,Warning
1.03E-06,7.00E-08,10.94399548,578490817.5,168208684.4,9.30E-07,0.023411307,16.00736277,0.000201782,0.00100383,0.001205612,0.002032785,8.18E-05,1.10E-07,7.94E-07,1.00E-06,7.218181818,1.230410076,1.408251069,1.923751771,2.688738125,4.598888508,10,10,129.0661496,482.1377158,1005.725846,1607.433422,2039.001268,2236.774851,221.6327819,360.5658504,12090.9332,2164.779174,Warning
1.08E-06,8.00E-08,10.88750456,573678784.9,128943465.6,1.69E-06,0.015786393,16.02882069,0.000201782,0.00100383,0.001205612,0.002032785,8.18E-05,1.10E-07,7.94E-07,1.00E-06,7.218181818,1.230410076,1.408251069,1.923751771,2.688738125,4.598888508,10,10,129.0661496,482.1377158,1005.725846,1607.433422,2039.001268,2236.774851,221.6327819,360.5658504,12090.9332,2164.779174,Warning
9.20E-07,6.00E-08,11.01084459,584095993.2,214912226.4,6.50E-07,0.026434804,15.94932121,0.0002054,0.001005292,0.001210692,0.002039683,8.21E-05,1.12E-07,8.00E-07,1.01E-06,7.142857143,1.239666067,1.420862032,1.945621534,2.723915859,4.67144338,10,10,124.4286191,470.862837,986.1295074,1579.932595,2010.77419,2219.98844,220.0164934,354.4391657,11905.59631,2141.362401,Warning
1.00E-06,7.00E-08,10.94399548,578490817.6,170630043.6,9.20E-07,0.023389442,15.96434767,0.0002054,0.001005292,0.001210692,0.002039683,8.21E-05,1.12E-07,8.00E-07,1.01E-06,7.142857143,1.239666067,1.420862032,1.945621534,2.723915859,4.67144338,10,10,124.4286191,470.862837,986.1295074,1579.932595,2010.77419,2219.98844,220.0164934,354.4391657,11905.59631,2141.362401,Warning
1.07E-06,8.00E-08,10.88750453,573678785.7,131063206.3,1.70E-06,0.015731582,15.99445716,0.0002054,0.001005292,0.001210692,0.002039683,8.21E-05,1.12E-07,8.00E-07,1.01E-06,7.142857143,1.239666067,1.420862032,1.945621534,2.723915859,4.67144338,10,10,124.4286191,470.862837,986.1295074,1579.932595,2010.77419,2219.98844,220.0164934,354.4391657,11905.59631,2141.362401,Warning
7.50E-07,3.00E-08,18.22714249,778699348.2,394482215.9,6.70E-07,0.025968245,20.36957419,0.0002571,0.001041461,0.001298561,0.002229798,9.12E-05,4.02E-06,1.46E-06,1.57E-06,0.36318408,1.235811112,1.407157785,1.888382209,2.580983284,4.19958443,7.714826711,10,131.1244138,517.4092732,1120.764162,1892.04251,2595.077288,3202.494696,318.4469551,403.9160641,14918.63166,2923.139015,Warning
8.50E-07,4.00E-08,17.86809097,771314819.8,308476424.8,9.40E-07,0.022559665,20.37758078,0.0002571,0.001041461,0.001298561,0.002229798,9.12E-05,4.02E-06,1.46E-06,1.57E-06,0.36318408,1.235811112,1.407157785,1.888382209,2.580983284,4.19958443,7.714826711,10,131.1244138,517.4092732,1120.764162,1892.04251,2595.077288,3202.494696,318.4469551,403.9160641,14918.63166,2923.139015,Warning
9.20E-07,5.00E-08,17.59208766,764901670.8,238896057.5,1.71E-06,0.014025275,20.37319204,0.0002571,0.001041461,0.001298561,0.002229798,9.12E-05,4.02E-06,1.46E-06,1.57E-06,0.36318408,1.235811112,1.407157785,1.888382209,2.580983284,4.19958443,7.714826711,10,131.1244138,517.4092732,1120.764162,1892.04251,2595.077288,3202.494696,318.4469551,403.9160641,14918.63166,2923.139015,Warning
7.50E-07,3.00E-08,18.1882969,778695829.5,398956967.3,6.60E-07,0.025955741,20.35591612,0.000263518,0.001043419,0.001306937,0.002250464,9.20E-05,4.02E-06,1.47E-06,1.59E-06,0.365671642,1.244525506,1.418609776,1.907286051,2.609523824,4.251768902,7.831526265,10,126.6327464,506.5473315,1101.5056,1862.024192,2555.184583,3154.846758,313.7140076,398.2676282,14679.44635,2878.927078,Warning
8.40E-07,4.00E-08,17.82922804,771314725.2,312413387.5,9.40E-07,0.022545375,20.3631229,0.000263518,0.001043419,0.001306937,0.002250464,9.20E-05,4.02E-06,1.47E-06,1.59E-06,0.365671642,1.244525506,1.418609776,1.907286051,2.609523824,4.251768902,7.831526265,10,126.6327464,506.5473315,1101.5056,1862.024192,2555.184583,3154.846758,313.7140076,398.2676282,14679.44635,2878.927078,Warning
9.20E-07,5.00E-08,17.5534621,764901651,242274333.8,1.71E-06,0.013978539,20.35787953,0.000263518,0.001043419,0.001306937,0.002250464,9.20E-05,4.02E-06,1.47E-06,1.59E-06,0.365671642,1.244525506,1.418609776,1.907286051,2.609523824,4.251768902,7.831526265,10,126.6327464,506.5473315,1101.5056,1862.024192,2555.184583,3154.846758,313.7140076,398.2676282,14679.44635,2878.927078,Warning
7.40E-07,3.00E-08,18.14540787,778693325.5,403539804.3,6.60E-07,0.025951399,20.34228984,0.000269922,0.001043956,0.001313878,0.002263442,9.27E-05,4.02E-06,1.48E-06,1.60E-06,0.367164179,1.253371076,1.430154119,1.926215615,2.638377046,4.304820333,7.950871295,10,122.3003268,495.8520156,1082.480454,1832.36104,2515.826837,3107.896513,309.0504083,392.6658698,14443.49764,2835.343119,Warning
8.40E-07,4.00E-08,17.79032617,771314962.6,316493912.2,9.40E-07,0.022514114,20.34867589,0.000269922,0.001043956,0.001313878,0.002263442,9.27E-05,4.02E-06,1.48E-06,1.60E-06,0.367164179,1.253371076,1.430154119,1.926215615,2.638377046,4.304820333,7.950871295,10,122.3003268,495.8520156,1082.480454,1832.36104,2515.826837,3107.896513,309.0504083,392.6658698,14443.49764,2835.343119,Warning
9.10E-07,5.00E-08,17.51480309,764901650.5,245782600.3,1.71E-06,0.013933648,20.3425713,0.000269922,0.001043956,0.001313878,0.002263442,9.27E-05,4.02E-06,1.48E-06,1.60E-06,0.367164179,1.253371076,1.430154119,1.926215615,2.638377046,4.304820333,7.950871295,10,122.3003268,495.8520156,1082.480454,1832.36104,2515.826837,3107.896513,309.0504083,392.6658698,14443.49764,2835.343119,Warning
7.40E-07,3.00E-08,18.07130337,778690310.1,408186513.8,6.60E-07,0.025929083,20.32897369,0.000276561,0.001046114,0.001322675,0.002277644,9.34E-05,4.02E-06,1.49E-06,1.62E-06,0.369651741,1.262365804,1.441800134,1.945322851,2.66759989,4.358848278,8.072841252,10,118.1223295,485.3575608,1063.684934,1803.064737,2477.01538,3061.645102,304.4562575,387.0412242,14210.84914,2792.391977,Fault
8.30E-07,4.00E-08,17.72101078,771314514.1,320619194.8,9.40E-07,0.022497342,20.33453737,0.000276561,0.001046114,0.001322675,0.002277644,9.34E-05,4.02E-06,1.49E-06,1.62E-06,0.369651741,1.262365804,1.441800134,1.945322851,2.66759989,4.358848278,8.072841252,10,118.1223295,485.3575608,1063.684934,1803.064737,2477.01538,3061.645102,304.4562575,387.0412242,14210.84914,2792.391977,Fault
9.10E-07,5.00E-08,17.47626199,764901672.2,249352956.4,1.71E-06,0.013886942,20.3275851,0.000276561,0.001046114,0.001322675,0.002277644,9.34E-05,4.02E-06,1.49E-06,1.62E-06,0.369651741,1.262365804,1.441800134,1.945322851,2.66759989,4.358848278,8.072841252,10,118.1223295,485.3575608,1063.684934,1803.064737,2477.01538,3061.645102,304.4562575,387.0412242,14210.84914,2792.391977,Fault
7.40E-07,4.00E-08,18.06434494,778686518.3,412914596.9,6.70E-07,0.025915909,20.31570068,0.000283441,0.001049301,0.001332742,0.002300342,9.42E-05,4.02E-06,1.50E-06,1.64E-06,0.372636816,1.27152416,1.45356285,1.964616597,2.697199358,4.413747154,8.197430527,10,114.0971446,475.0441705,1045.13856,1774.146363,2438.754262,3016.092932,299.931585,381.5237791,13981.54887,2750.076275,Fault
8.30E-07,3.00E-08,17.68221098,771314736.5,324890015.8,9.40E-07,0.022479885,20.3204226,0.000283441,0.001049301,0.001332742,0.002300342,9.42E-05,4.02E-06,1.50E-06,1.64E-06,0.372636816,1.27152416,1.45356285,1.964616597,2.697199358,4.413747154,8.197430527,10,114.0971446,475.0441705,1045.13856,1774.146363,2438.754262,3016.092932,299.931585,381.5237791,13981.54887,2750.076275,Fault
9.10E-07,5.00E-08,17.38297057,764901664.6,253065150.3,1.71E-06,0.013838989,20.31261588,0.000283441,0.001049301,0.001332742,0.002300342,9.42E-05,4.02E-06,1.50E-06,1.64E-06,0.372636816,1.27152416,1.45356285,1.964616597,2.697199358,4.413747154,8.197430527,10,114.0971446,475.0441705,1045.13856,1774.146363,2438.754262,3016.092932,299.931585,381.5237791,13981.54887,2750.076275,Fault
7.30E-07,3.00E-08,18.05432365,778682898.5,417703626.8,6.70E-07,0.025899335,20.30271371,0.00029031,0.001051626,0.001341936,0.002316278,9.50E-05,4.02E-06,1.51E-06,1.66E-06,0.375124378,1.280859925,1.465453854,1.984104039,2.72712325,4.469591121,8.324797346,10,110.2208084,464.9186461,1026.845013,1745.61468,2401.050802,2971.23908,295.476289,376.0621526,13755.63914,2708.398679,Fault
8.30E-07,3.00E-08,17.64350901,771314609.9,329226783.2,9.40E-07,0.022449114,20.30659344,0.00029031,0.001051626,0.001341936,0.002316278,9.50E-05,4.02E-06,1.51E-06,1.66E-06,0.375124378,1.280859925,1.465453854,1.984104039,2.72712325,4.469591121,8.324797346,10,110.2208084,464.9186461,1026.845013,1745.61468,2401.050802,2971.23908,295.476289,376.0621526,13755.63914,2708.398679,Fault
9.10E-07,5.00E-08,17.34471403,764901634.3,256840328.9,1.71E-06,0.013789707,20.29794246,0.00029031,0.001051626,0.001341936,0.002316278,9.50E-05,4.02E-06,1.51E-06,1.66E-06,0.375124378,1.280859925,1.465453854,1.984104039,2.72712325,4.469591121,8.324797346,10,110.2208084,464.9186461,1026.845013,1745.61468,2401.050802,2971.23908,295.476289,376.0621526,13755.63914,2708.398679,Fault
7.80E-07,2.00E-08,18.51098677,778716780.1,361498791.6,6.60E-07,0.026056895,20.48630473,0.000210901,0.001028623,0.001239524,0.002109979,8.57E-05,4.02E-06,1.37E-06,1.44E-06,0.341791045,1.162642501,1.312741926,1.742212384,2.365607675,3.816323275,6.877432606,9.338584306,173.0564093,610.1822361,1281.533038,2142.854269,2931.868401,3608.161417,358.7462222,449.4133521,16937.23379,3298.335118,Healthy
8.80E-07,4.00E-08,18.21709254,771315401,280007324.7,9.40E-07,0.022728481,20.50027298,0.000210901,0.001028623,0.001239524,0.002109979,8.57E-05,4.02E-06,1.37E-06,1.44E-06,0.341791045,1.162642501,1.312741926,1.742212384,2.365607675,3.816323275,6.877432606,9.338584306,173.0564093,610.1822361,1281.533038,2142.854269,2931.868401,3608.161417,358.7462222,449.4133521,16937.23379,3298.335118,Healthy
9.50E-07,5.00E-08,17.93786629,764901656.4,214815935,1.71E-06,0.014349603,20.50287863,0.000210901,0.001028623,0.001239524,0.002109979,8.57E-05,4.02E-06,1.37E-06,1.44E-06,0.341791045,1.162642501,1.312741926,1.742212384,2.365607675,3.816323275,6.877432606,9.338584306,173.0564093,610.1822361,1281.533038,2142.854269,2931.868401,3608.161417,358.7462222,449.4133521,16937.23379,3298.335118,Healthy
7.80E-07,2.00E-08,18.47614068,778714825.9,365385400.3,6.60E-07,0.026046448,20.47087483,0.000216035,0.001030387,0.001246423,0.002125746,8.64E-05,4.02E-06,1.39E-06,1.46E-06,0.344776119,1.172233178,1.3242318,1.759999943,2.391283962,3.860905962,6.972764118,9.49574888,167.2169283,598.070813,1260.931352,2110.675758,2888.235831,3555.157727,353.4802374,443.7654898,16675.88758,3249.475909,Healthy
8.70E-07,4.00E-08,18.17785846,771315338.6,283296592.1,9.40E-07,0.022707256,20.48414571,0.000216035,0.001030387,0.001246423,0.002125746,8.64E-05,4.02E-06,1.39E-06,1.46E-06,0.344776119,1.172233178,1.3242318,1.759999943,2.391283962,3.860905962,6.972764118,9.49574888,167.2169283,598.070813,1260.931352,2110.675758,2888.235831,3555.157727,353.4802374,443.7654898,16675.88758,3249.475909,Healthy
9.50E-07,5.00E-08,17.92548084,764901633.1,217577322.5,1.71E-06,0.01430993,20.48585776,0.000216035,0.001030387,0.001246423,0.002125746,8.64E-05,4.02E-06,1.39E-06,1.46E-06,0.344776119,1.172233178,1.3242318,1.759999943,2.391283962,3.860905962,6.972764118,9.49574888,167.2169283,598.070813,1260.931352,2110.675758,2888.235831,3555.157727,353.4802374,443.7654898,16675.88758,3249.475909,Healthy
7.70E-07,2.00E-08,18.43741415,778712633.9,369273150.2,6.60E-07,0.026037643,20.4559126,0.000221359,0.001032577,0.001253936,0.002140695,8.71E-05,4.02E-06,1.40E-06,1.47E-06,0.347761194,1.182047398,1.33579885,1.777967135,2.41732016,3.906421077,7.070769333,9.658497119,161.5505754,586.1008758,1240.437674,2078.68157,2844.992622,3502.784595,348.2771065,437.9967461,16416.80483,3201.140054,Healthy
8.70E-07,4.00E-08,18.10231263,771315622,286617908.7,9.40E-07,0.022688949,20.46848051,0.000221359,0.001032577,0.001253936,0.002140695,8.71E-05,4.02E-06,1.40E-06,1.47E-06,0.347761194,1.182047398,1.33579885,1.777967135,2.41732016,3.906421077,7.070769333,9.658497119,161.5505754,586.1008758,1240.437674,2078.68157,2844.992622,3502.784595,348.2771065,437.9967461,16416.80483,3201.140054,Healthy
9.40E-07,5.00E-08,17.85539059,764901668.1,220364489.8,1.71E-06,0.014273617,20.46931791,0.000221359,0.001032577,0.001253936,0.002140695,8.71E-05,4.02E-06,1.40E-06,1.47E-06,0.347761194,1.182047398,1.33579885,1.777967135,2.41732016,3.906421077,7.070769333,9.658497119,161.5505754,586.1008758,1240.437674,2078.68157,2844.992622,3502.784595,348.2771065,437.9967461,16416.80483,3201.140054,Healthy
7.70E-07,1.00E-08,18.39357911,778711154.1,373306156.7,6.60E-07,0.026025943,20.44092285,0.000227147,0.001033323,0.00126047,0.002152082,8.77E-05,4.02E-06,1.41E-06,1.49E-06,0.350248756,1.192127646,1.347462464,1.796120235,2.443687216,3.952932441,7.171445537,9.826542757,156.0548105,574.2602515,1220.072178,2046.898665,2802.167173,3451.057597,343.1383454,432.3527191,16160.16512,3153.349344,Healthy
8.70E-07,4.00E-08,18.05886858,771315215.4,290077544.9,9.40E-07,0.022670898,20.45275682,0.000227147,0.001033323,0.00126047,0.002152082,8.77E-05,4.02E-06,1.41E-06,1.49E-06,0.350248756,1.192127646,1.347462464,1.796120235,2.443687216,3.952932441,7.171445537,9.826542757,156.0548105,574.2602515,1220.072178,2046.898665,2802.167173,3451.057597,343.1383454,432.3527191,16160.16512,3153.349344,Healthy
9.40E-07,5.00E-08,17.81623686,764901638.3,223271667.7,1.71E-06,0.014232245,20.45270554,0.000227147,0.001033323,0.00126047,0.002152082,8.77E-05,4.02E-06,1.41E-06,1.49E-06,0.350248756,1.192127646,1.347462464,1.796120235,2.443687216,3.952932441,7.171445537,9.826542757,156.0548105,574.2602515,1220.072178,2046.898665,2802.167173,3451.057597,343.1383454,432.3527191,16160.16512,3153.349344,Healthy
7.70E-07,3.00E-08,18.38762443,778708840.8,377355434.4,6.60E-07,0.026015438,20.42635366,0.000232874,0.001035235,0.001268109,0.002169426,8.84E-05,4.02E-06,1.42E-06,1.51E-06,0.353233831,1.201970675,1.359234249,1.814258779,2.470428277,4.00034946,7.274789204,10,150.730388,562.5675498,1199.853284,2015.355725,2759.784411,3399.989611,338.0652053,426.6533144,15906.12699,3106.122444,Healthy
8.60E-07,4.00E-08,18.01997037,771315486.1,293565115.1,9.30E-07,0.022652258,20.43745514,0.000232874,0.001035235,0.001268109,0.002169426,8.84E-05,4.02E-06,1.42E-06,1.51E-06,0.353233831,1.201970675,1.359234249,1.814258779,2.470428277,4.00034946,7.274789204,10,150.730388,562.5675498,1199.853284,2015.355725,2759.784411,3399.989611,338.0652053,426.6533144,15906.12699,3106.122444,Healthy
9.40E-07,5.00E-08,17.7772757,764901658.7,226207524.9,1.71E-06,0.014191659,20.43653279,0.000232874,0.001035235,0.001268109,0.002169426,8.84E-05,4.02E-06,1.42E-06,1.51E-06,0.353233831,1.201970675,1.359234249,1.814258779,2.470428277,4.00034946,7.274789204,10,150.730388,562.5675498,1199.853284,2015.355725,2759.784411,3399.989611,338.0652053,426.6533144,15906.12699,3106.122444,Healthy
7.60E-07,3.00E-08,18.3489027,778706696.9,381497773.6,6.60E-07,0.026004256,20.41196824,0.000238712,0.001034773,0.001273485,0.002180033,8.89E-05,4.02E-06,1.43E-06,1.52E-06,0.354726368,1.210312505,1.371146977,1.832528687,2.497543865,4.048773084,7.38079572,10,145.5780036,551.0294831,1179.798013,1984.077275,2717.866188,3349.591333,333.0587231,420.9238323,15654.83531,3059.475351,Healthy
8.60E-07,4.00E-08,18.05229982,771315073,297130270,9.40E-07,0.022633899,20.42231683,0.000238712,0.001034773,0.001273485,0.002180033,8.89E-05,4.02E-06,1.43E-06,1.52E-06,0.354726368,1.210312505,1.371146977,1.832528687,2.497543865,4.048773084,7.38079572,10,145.5780036,551.0294831,1179.798013,1984.077275,2717.866188,3349.591333,333.0587231,420.9238323,15654.83531,3059.475351,Healthy
9.30E-07,5.00E-08,17.73837421,764901661.4,229229417.2,1.71E-06,0.014152446,20.42053646,0.000238712,0.001034773,0.001273485,0.002180033,8.89E-05,4.02E-06,1.43E-06,1.52E-06,0.354726368,1.210312505,1.371146977,1.832528687,2.497543865,4.048773084,7.38079572,10,145.5780036,551.0294831,1179.798013,1984.077275,2717.866188,3349.591333,333.0587231,420.9238323,15654.83531,3059.475351,Healthy
7.60E-07,3.00E-08,18.30992506,778703855.4,385756006.7,6.60E-07,0.02599915,20.39758433,0.000244612,0.001037203,0.001281815,0.002197866,8.98E-05,4.02E-06,1.44E-06,1.54E-06,0.357711443,1.218720559,1.383202186,1.85096566,2.524990793,4.098086414,7.489459188,10,140.5946754,539.6495509,1159.922114,1953.085903,2676.431621,3299.871647,328.1197592,415.2818646,15406.41712,3013.421759,Warning
8.50E-07,4.00E-08,18.01336369,771315332.7,300856344.9,9.40E-07,0.022609313,20.4071646,0.000244612,0.001037203,0.001281815,0.002197866,8.98E-05,4.02E-06,1.44E-06,1.54E-06,0.357711443,1.218720559,1.383202186,1.85096566,2.524990793,4.098086414,7.489459188,10,140.5946754,539.6495509,1159.922114,1953.085903,2676.431621,3299.871647,328.1197592,415.2818646,15406.41712,3013.421759,Warning
9.30E-07,5.00E-08,17.69940491,764901662.7,232378121.2,1.71E-06,0.014110997,20.40450494,0.000244612,0.001037203,0.001281815,0.002197866,8.98E-05,4.02E-06,1.44E-06,1.54E-06,0.357711443,1.218720559,1.383202186,1.85096566,2.524990793,4.098086414,7.489459188,10,140.5946754,539.6495509,1159.922114,1953.085903,2676.431621,3299.871647,328.1197592,415.2818646,15406.41712,3013.421759,Warning
7.50E-07,3.00E-08,18.2286004,778702129.5,390061074.9,6.60E-07,0.025982377,20.38357102,0.000250768,0.001039878,0.001290647,0.00221651,9.06E-05,4.02E-06,1.45E-06,1.55E-06,0.360696517,1.227214425,1.395417659,1.86957575,2.552795668,4.148396876,7.600774876,10,135.7777967,528.4474309,1140.240176,1922.401567,2635.497363,3250.837591,323.2489927,409.5860226,15160.98388,2967.973132,Warning
8.50E-07,4.00E-08,17.90710826,771315249.8,304592143.1,9.40E-07,0.022589343,20.39237506,0.000250768,0.001039878,0.001290647,0.00221651,9.06E-05,4.02E-06,1.45E-06,1.55E-06,0.360696517,1.227214425,1.395417659,1.86957575,2.552795668,4.148396876,7.600774876,10,135.7777967,528.4474309,1140.240176,1922.401567,2635.497363,3250.837591,323.2489927,409.5860226,15160.98388,2967.973132,Warning
9.30E-07,5.00E-08,17.63086484,764901700.9,235573506.3,1.71E-06,0.014067974,20.388854,0.000250768,0.001039878,0.001290647,0.00221651,9.06E-05,4.02E-06,1.45E-06,1.55E-06,0.360696517,1.227214425,1.395417659,1.86957575,2.552795668,4.148396876,7.600774876,10,135.7777967,528.4474309,1140.240176,1922.401567,2635.497363,3250.837591,323.2489927,409.5860226,15160.98388,2967.973132,Warning
7.00E-08,2.70E-07,7.989373211,311523403.8,34183506.3,5.50E-07,0.009506811,8.121060333,5.16E-05,6.30E-05,0.000114579,0.000572893,-2.29E-05,1.02E-07,1.36E-07,6.80E-07,1.333333333,1.400915487,1.780891278,10,10,10,10,10,63.2696214,171.6147157,197.0711156,201.3518868,205.5599951,209.6976433,20.77230823,133.7968378,1648.752191,207.7380284,Warning
7.00E-08,3.00E-07,7.986961165,308531984.9,30161070.21,8.00E-07,0.008756963,8.120276885,5.16E-05,6.30E-05,0.000114579,0.000572893,-2.29E-05,1.02E-07,1.36E-07,6.80E-07,1.333333333,1.400915487,1.780891278,10,10,10,10,10,63.2696214,171.6147157,197.0711156,201.3518868,205.5599951,209.6976433,20.77230823,133.7968378,1648.752191,207.7380284,Warning
8.00E-08,3.10E-07,7.966377812,305964745.5,25525085.33,1.49E-06,0.006787998,8.11090723,5.16E-05,6.30E-05,0.000114579,0.000572893,-2.29E-05,1.02E-07,1.36E-07,6.80E-07,1.333333333,1.400915487,1.780891278,10,10,10,10,10,63.2696214,171.6147157,197.0711156,201.3518868,205.5599951,209.6976433,20.77230823,133.7968378,1648.752191,207.7380284,Warning
7.00E-08,2.70E-07,7.989369719,311523378.5,34844193.16,5.50E-07,0.009549082,8.121455318,4.99E-05,6.37E-05,0.00011358,0.000567901,-2.27E-05,9.80E-08,1.38E-07,6.90E-07,1.408163265,1.406810484,1.78147779,10,10,10,10,10,62.5398188,176.1563378,210.9851042,215.5688383,220.0747223,224.5051171,22.23911479,134.8916589,1752.934898,222.4068592,Warning
7.00E-08,3.00E-07,7.986963628,308531962.2,30759179.1,8.00E-07,0.00879357,8.12079876,4.99E-05,6.37E-05,0.00011358,0.000567901,-2.27E-05,9.80E-08,1.38E-07,6.90E-07,1.408163265,1.406810484,1.78147779,10,10,10,10,10,62.5398188,176.1563378,210.9851042,215.5688383,220.0747223,224.5051171,22.23911479,134.8916589,1752.934898,222.4068592,Warning
8.00E-08,3.10E-07,7.966378326,305964745.1,26054538.73,1.49E-06,0.006803263,8.11141953,4.99E-05,6.37E-05,0.00011358,0.000567901,-2.27E-05,9.80E-08,1.38E-07,6.90E-07,1.408163265,1.406810484,1.78147779,10,10,10,10,10,62.5398188,176.1563378,210.9851042,215.5688383,220.0747223,224.5051171,22.23911479,134.8916589,1752.934898,222.4068592,Warning
7.00E-08,2.70E-07,7.989370803,311523515.6,35540580.1,5.50E-07,0.009596666,8.121845404,4.84E-05,6.42E-05,0.000112664,0.000563318,-2.25E-05,9.40E-08,1.40E-07,7.00E-07,1.489361702,1.413314797,1.784518726,10,10,10,10,10,61.67724876,179.5427059,224.5126531,229.394253,234.1930104,238.9114354,23.66619176,135.6575747,1852.411466,236.6767597,Warning
7.00E-08,3.10E-07,7.986961904,308531962.4,31389233.42,7.90E-07,0.008833456,8.121332921,4.84E-05,6.42E-05,0.000112664,0.000563318,-2.25E-05,9.40E-08,1.40E-07,7.00E-07,1.489361702,1.413314797,1.784518726,10,10,10,10,10,61.67724876,179.5427059,224.5126531,229.394253,234.1930104,238.9114354,23.66619176,135.6575747,1852.411466,236.6767597,Warning
8.00E-08,3.20E-07,7.966376575,305964742.7,26614387.84,1.49E-06,0.006820811,8.111946647,4.84E-05,6.42E-05,0.000112664,0.000563318,-2.25E-05,9.40E-08,1.40E-07,7.00E-07,1.489361702,1.413314797,1.784518726,10,10,10,10,10,61.67724876,179.5427059,224.5126531,229.394253,234.1930104,238.9114354,23.66619176,135.6575747,1852.411466,236.6767597,Warning
7.00E-08,2.70E-07,7.989370733,311523471.8,36266604.68,5.50E-07,0.009647237,8.122223956,4.73E-05,6.46E-05,0.000111874,0.000559368,-2.24E-05,9.20E-08,1.40E-07,7.00E-07,1.52173913,1.420282958,1.789436504,10,10,10,10,10,60.71447055,181.9768747,237.6512013,242.825505,247.9121704,252.9138478,25.05326668,136.4109334,1947.22672,250.5450086,Fault
7.00E-08,3.10E-07,7.986961542,308531985.2,32049459.85,7.90E-07,0.00887721,8.121866112,4.73E-05,6.46E-05,0.000111874,0.000559368,-2.24E-05,9.20E-08,1.40E-07,7.00E-07,1.52173913,1.420282958,1.789436504,10,10,10,10,10,60.71447055,181.9768747,237.6512013,242.825505,247.9121704,252.9138478,25.05326668,136.4109334,1947.22672,250.5450086,Fault
8.00E-08,3.20E-07,7.966377457,305964746.5,27203094.43,1.48E-06,0.006840298,8.11248087,4.73E-05,6.46E-05,0.000111874,0.000559368,-2.24E-05,9.20E-08,1.40E-07,7.00E-07,1.52173913,1.420282958,1.789436504,10,10,10,10,10,60.71447055,181.9768747,237.6512013,242.825505,247.9121704,252.9138478,25.05326668,136.4109334,1947.22672,250.5450086,Fault
7.00E-08,2.80E-07,7.98937474,311523381.3,37041973.98,5.50E-07,0.009702969,8.122609882,4.60E-05,6.44E-05,0.00011046,0.000552298,-2.21E-05,9.00E-08,1.40E-07,7.00E-07,1.555555556,1.427640027,1.79581183,10,10,10,10,10,59.67805607,183.623757,250.4014521,255.8632571,261.232825,266.5129368,26.40039716,136.725372,2037.46018,264.0122074,Fault
7.00E-08,3.20E-07,7.986961977,308531962.3,32749892.72,7.90E-07,0.008925514,8.122408833,4.60E-05,6.44E-05,0.00011046,0.000552298,-2.21E-05,9.00E-08,1.40E-07,7.00E-07,1.555555556,1.427640027,1.79581183,10,10,10,10,10,59.67805607,183.623757,250.4014521,255.8632571,261.232825,266.5129368,26.40039716,136.725372,2037.46018,264.0122074,Fault
8.00E-08,3.30E-07,7.966377925,305964743.4,27825919.23,1.48E-06,0.006864309,8.113041234,4.60E-05,6.44E-05,0.00011046,0.000552298,-2.21E-05,9.00E-08,1.40E-07,7.00E-07,1.555555556,1.427640027,1.79581183,10,10,10,10,10,59.67805607,183.623757,250.4014521,255.8632571,261.232825,266.5129368,26.40039716,136.725372,2037.46018,264.0122074,Fault
7.00E-08,2.80E-07,7.989369406,311523378.7,37846015.58,5.50E-07,0.009763485,8.122990278,4.51E-05,6.50E-05,0.000110115,0.000550575,-2.20E-05,8.80E-08,1.42E-07,7.10E-07,1.613636364,1.435324059,1.803413123,8.301052304,10,10,10,10,58.58893761,184.6190242,262.7665744,268.5106573,274.1580998,279.7118049,27.70789034,136.6628892,2123.20096,277.0814696,Fault
7.00E-08,3.20E-07,7.986964121,308531985,33481999.1,7.90E-07,0.008978028,8.12295139,4.51E-05,6.50E-05,0.000110115,0.000550575,-2.20E-05,8.80E-08,1.42E-07,7.10E-07,1.613636364,1.435324059,1.803413123,8.301052304,10,10,10,10,58.58893761,184.6190242,262.7665744,268.5106573,274.1580998,279.7118049,27.70789034,136.6628892,2123.20096,277.0814696,Fault
8.00E-08,3.30E-07,7.966379201,305964745.4,28483640.27,1.48E-06,0.006890129,8.113610559,4.51E-05,6.50E-05,0.000110115,0.000550575,-2.20E-05,8.80E-08,1.42E-07,7.10E-07,1.613636364,1.435324059,1.803413123,8.301052304,10,10,10,10,58.58893761,184.6190242,262.7665744,268.5106573,274.1580998,279.7118049,27.70789034,136.6628892,2123.20096,277.0814696,Fault
7.00E-08,2.50E-07,7.989371613,311523424.8,29821731.77,5.50E-07,0.009265672,8.117931826,8.00E-05,6.30E-05,0.000143063,0.000715316,-2.86E-05,1.72E-07,1.36E-07,6.80E-07,0.790697674,1.441672909,10,10,10,10,10,10,54.92803096,73.27278417,74.56531982,76.26570668,77.94047569,79.59032099,7.884285246,100.5760308,660.3578989,78.80868813,Healthy
7.00E-08,2.80E-07,7.986959605,308531962.2,26233248.42,8.00E-07,0.0085615,8.116286372,8.00E-05,6.30E-05,0.000143063,0.000715316,-2.86E-05,1.72E-07,1.36E-07,6.80E-07,0.790697674,1.441672909,10,10,10,10,10,10,54.92803096,73.27278417,74.56531982,76.26570668,77.94047569,79.59032099,7.884285246,100.5760308,660.3578989,78.80868813,Healthy
8.00E-08,2.90E-07,7.966374149,305964744.8,22058209.77,1.50E-06,0.006731291,8.107234501,8.00E-05,6.30E-05,0.000143063,0.000715316,-2.86E-05,1.72E-07,1.36E-07,6.80E-07,0.790697674,1.441672909,10,10,10,10,10,10,54.92803096,73.27278417,74.56531982,76.26570668,77.94047569,79.59032099,7.884285246,100.5760308,660.3578989,78.80868813,Healthy
7.00E-08,2.50E-07,7.989373094,311523432.7,30297259.95,5.50E-07,0.009287495,8.118324211,7.33E-05,6.29E-05,0.000136247,0.000681235,-2.72E-05,1.54E-07,1.36E-07,6.80E-07,0.883116883,1.411210259,10,10,10,10,10,10,58.76275784,88.92448792,90.47106922,92.50463376,94.50642649,96.47733859,9.557055248,108.0868955,795.2895738,95.54368622,Healthy
7.00E-08,2.80E-07,7.986960726,308531985.1,26656097.7,8.00E-07,0.008578732,8.116762695,7.33E-05,6.29E-05,0.000136247,0.000681235,-2.72E-05,1.54E-07,1.36E-07,6.80E-07,0.883116883,1.411210259,10,10,10,10,10,10,58.76275784,88.92448792,90.47106922,92.50463376,94.50642649,96.47733859,9.557055248,108.0868955,795.2895738,95.54368622,Healthy
8.00E-08,2.90E-07,7.966374804,305964743.4,22431304.11,1.50E-06,0.006733505,8.107646745,7.33E-05,6.29E-05,0.000136247,0.000681235,-2.72E-05,1.54E-07,1.36E-07,6.80E-07,0.883116883,1.411210259,10,10,10,10,10,10,58.76275784,88.92448792,90.47106922,92.50463376,94.50642649,96.47733859,9.557055248,108.0868955,795.2895738,95.54368622,Healthy
7.00E-08,2.50E-07,7.989372396,311523425.8,30781832.23,5.50E-07,0.009311735,8.118695782,6.83E-05,6.31E-05,0.000131344,0.000656722,-2.63E-05,1.42E-07,1.36E-07,6.80E-07,0.957746479,1.396770327,2.023290224,10,10,10,10,10,61.29911316,104.590226,106.3898951,108.7553396,111.0828378,113.3734811,11.23072544,114.9647855,928.451295,112.2884449,Healthy
7.00E-08,2.80E-07,7.986962069,308531962.3,27093055.84,8.00E-07,0.008597324,8.117246173,6.83E-05,6.31E-05,0.000131344,0.000656722,-2.63E-05,1.42E-07,1.36E-07,6.80E-07,0.957746479,1.396770327,2.023290224,10,10,10,10,10,61.29911316,104.590226,106.3898951,108.7553396,111.0828378,113.3734811,11.23072544,114.9647855,928.451295,112.2884449,Healthy
8.00E-08,2.90E-07,7.966375998,305964748.1,22812198.44,1.50E-06,0.006736571,8.108084622,6.83E-05,6.31E-05,0.000131344,0.000656722,-2.63E-05,1.42E-07,1.36E-07,6.80E-07,0.957746479,1.396770327,2.023290224,10,10,10,10,10,61.29911316,104.590226,106.3898951,108.7553396,111.0828378,113.3734811,11.23072544,114.9647855,928.451295,112.2884449,Healthy
7.00E-08,2.50E-07,7.989372515,311523396.4,31290818.5,5.50E-07,0.009337984,8.119099142,6.42E-05,6.25E-05,0.000126701,0.000633503,-2.53E-05,1.32E-07,1.34E-07,6.70E-07,1.015151515,1.390276958,1.885736343,10,10,10,10,10,62.89514148,120.1413277,122.1921145,124.8868565,127.5375282,130.1454201,12.89209226,119.7521898,1058.743475,128.9101753,Healthy
7.00E-08,2.90E-07,7.986961302,308531984.8,27555921.94,8.00E-07,0.008618604,8.11773479,6.42E-05,6.25E-05,0.000126701,0.000633503,-2.53E-05,1.32E-07,1.34E-07,6.70E-07,1.015151515,1.390276958,1.885736343,10,10,10,10,10,62.89514148,120.1413277,122.1921145,124.8868565,127.5375282,130.1454201,12.89209226,119.7521898,1058.743475,128.9101753,Healthy
8.00E-08,3.00E-07,7.966377937,305964745.4,23220741.26,1.49E-06,0.006741123,8.108533563,6.42E-05,6.25E-05,0.000126701,0.000633503,-2.53E-05,1.32E-07,1.34E-07,6.70E-07,1.015151515,1.390276958,1.885736343,10,10,10,10,10,62.89514148,120.1413277,122.1921145,124.8868565,127.5375282,130.1454201,12.89209226,119.7521898,1058.743475,128.9101753,Healthy
7.00E-08,2.60E-07,7.989371921,311523395.4,31816347.25,5.50E-07,0.009366033,8.119479692,6.05E-05,6.30E-05,0.000123494,0.000617472,-2.47E-05,1.22E-07,1.36E-07,6.80E-07,1.114754098,1.388130024,1.83407662,10,10,10,10,10,63.793266,135.3595168,137.7867709,140.8073856,143.7779049,146.6998153,14.5319123,123.9485126,1185.435443,145.3158884,Healthy
7.00E-08,2.90E-07,7.986961929,308531962.2,28027820.38,8.00E-07,0.00864089,8.118217012,6.05E-05,6.30E-05,0.000123494,0.000617472,-2.47E-05,1.22E-07,1.36E-07,6.80E-07,1.114754098,1.388130024,1.83407662,10,10,10,10,10,63.793266,135.3595168,137.7867709,140.8073856,143.7779049,146.6998153,14.5319123,123.9485126,1185.435443,145.3158884,Healthy
8.00E-08,3.00E-07,7.966375858,305964744.9,23638056.05,1.49E-06,0.006747275,8.108981019,6.05E-05,6.30E-05,0.000123494,0.000617472,-2.47E-05,1.22E-07,1.36E-07,6.80E-07,1.114754098,1.388130024,1.83407662,10,10,10,10,10,63.793266,135.3595168,137.7867709,140.8073856,143.7779049,146.6998153,14.5319123,123.9485126,1185.435443,145.3158884,Healthy
7.00E-08,2.60E-07,7.989369695,311523419.6,32368794.76,5.50E-07,0.009396421,8.119875756,5.78E-05,6.29E-05,0.000120664,0.000603321,-2.41E-05,1.16E-07,1.36E-07,6.80E-07,1.172413793,1.388838572,1.805912618,10,10,10,10,10,64.16794866,148.0289847,153.1099625,156.4524557,159.7389613,162.9711565,16.1436982,127.5049878,1308.035778,161.4403106,Healthy
7.00E-08,2.90E-07,7.986960994,308531962,28521164.87,8.00E-07,0.008665707,8.118726432,5.78E-05,6.29E-05,0.000120664,0.000603321,-2.41E-05,1.16E-07,1.36E-07,6.80E-07,1.172413793,1.388838572,1.805912618,10,10,10,10,10,64.16794866,148.0289847,153.1099625,156.4524557,159.7389613,162.9711565,16.1436982,127.5049878,1308.035778,161.4403106,Healthy
8.00E-08,3.00E-07,7.966377585,305964743.6,24072733.03,1.49E-06,0.00675487,8.109436497,5.78E-05,6.29E-05,0.000120664,0.000603321,-2.41E-05,1.16E-07,1.36E-07,6.80E-07,1.172413793,1.388838572,1.805912618,10,10,10,10,10,64.16794866,148.0289847,153.1099625,156.4524557,159.7389613,162.9711565,16.1436982,127.5049878,1308.035778,161.4403106,Healthy
7.00E-08,2.60E-07,7.989368471,311523438.2,32950343.29,5.50E-07,0.009430009,8.120275814,5.53E-05,6.31E-05,0.000118389,0.000591945,-2.37E-05,1.10E-07,1.36E-07,6.80E-07,1.236363636,1.391538048,1.791087995,10,10,10,10,10,64.14658206,157.9335123,168.1170919,171.777075,175.3753356,178.9137338,17.72292344,129.9245872,1426.235179,177.2378956,Warning
7.00E-08,3.00E-07,7.986961569,308531962.2,29048180.04,8.00E-07,0.008693647,8.119242261,5.53E-05,6.31E-05,0.000118389,0.000591945,-2.37E-05,1.10E-07,1.36E-07,6.80E-07,1.236363636,1.391538048,1.791087995,10,10,10,10,10,64.14658206,157.9335123,168.1170919,171.777075,175.3753356,178.9137338,17.72292344,129.9245872,1426.235179,177.2378956,Warning
8.00E-08,3.00E-07,7.966376374,305964743.2,24538066.17,1.49E-06,0.006764144,8.109911198,5.53E-05,6.31E-05,0.000118389,0.000591945,-2.37E-05,1.10E-07,1.36E-07,6.80E-07,1.236363636,1.391538048,1.791087995,10,10,10,10,10,64.14658206,157.9335123,168.1170919,171.777075,175.3753356,178.9137338,17.72292344,129.9245872,1426.235179,177.2378956,Warning
7.00E-08,2.60E-07,7.989370033,311523426.8,33546680.95,5.50E-07,0.009466031,8.120657884,5.33E-05,6.31E-05,0.000116441,0.000582203,-2.33E-05,1.06E-07,1.36E-07,6.80E-07,1.283018868,1.39568781,1.783633869,10,10,10,10,10,63.82325408,165.6470894,182.7775706,186.7503785,190.6559017,194.496176,19.26648136,132.0086805,1539.837018,192.6773873,Warning
7.00E-08,3.00E-07,7.986961911,308531962.4,29588638.89,8.00E-07,0.008723553,8.119754343,5.33E-05,6.31E-05,0.000116441,0.000582203,-2.33E-05,1.06E-07,1.36E-07,6.80E-07,1.283018868,1.39568781,1.783633869,10,10,10,10,10,63.82325408,165.6470894,182.7775706,186.7503785,190.6559017,194.496176,19.26648136,132.0086805,1539.837018,192.6773873,Warning
8.00E-08,3.10E-07,7.966375581,305964746,25016076.43,1.49E-06,0.006774633,8.110400343,5.33E-05,6.31E-05,0.000116441,0.000582203,-2.33E-05,1.06E-07,1.36E-07,6.80E-07,1.283018868,1.39568781,1.783633869,10,10,10,10,10,63.82325408,165.6470894,182.7775706,186.7503785,190.6559017,194.496176,19.26648136,132.0086805,1539.837018,192.6773873,Warning
